Nombre del archivo,Tama√±o (bytes)
Form1- ECG.pdf,1260737
Form1- ENF.pdf,606888
Form1- FONO.pdf,1126135
Form1- KINE.pdf,855909
Form1- PSICO.pdf,610642
Form10- ECG.pdf,1102842
Form10- FONO.pdf,874300
Form10- PSICO.pdf,815542
Form10- PSIQ.pdf,910447
Form10- T.O.pdf,881560
Form100- FONO.pdf,715697
Form100- PEDIA.pdf,5673885
Form1000- KINE.pdf,825883
Form1003- KINE.pdf,832297
Form1005- KINE.pdf,761718
Form1007- KINE.pdf,798306
Form101- CUI.pdf,1022199
Form101- FONO.pdf,482636
Form101- PEDIA.pdf,1680982
Form101- T.O.pdf,685220
Form102- CUI.pdf,962900
Form102- ENF.pdf,849250
Form102- FONO.pdf,146292
Form102- KINE.pdf,1014877
Form102- T.O.pdf,916991
Form1021- KINE.pdf,945950
Form103- FONO.pdf,584005
Form103- T.O.pdf,963126
Form1032- ENF_Parte1.pdf,333300
Form1032- ENF_Parte2.pdf,348833
Form1032- KINE.pdf,931611
Form1033- ENF.pdf,1947070
Form1035- KINE.pdf,802851
Form1036- ENF.pdf,1045606
Form1037- ENF.pdf,1047456
Form1039- ENF.pdf,3304691
Form1039- KINE.pdf,880558
Form104- FONO.pdf,942463
Form1047- ENF.pdf,2382722
Form1049- ENF.pdf,2265170
Form1049- KINE.pdf,912262
Form105- FONO.pdf,829381
Form105- KINE.pdf,987509
Form105- T.O.pdf,852096
Form1050- ENF.pdf,739912
Form1051- ENF.pdf,939669
Form1052- ENF.pdf,1351740
Form1054- ENF.pdf,2088891
Form1057- ENF.pdf,976087
Form1058- ENF.pdf,1662288
Form1059- ENF.pdf,751312
Form106- FONO.pdf,560447
Form1060- KINE.pdf,690090
Form1061- ENF.pdf,1029235
Form1063- ENF.pdf,3109250
Form1063- KINE.pdf,819021
Form1064- ENF.pdf,1289562
Form1065- ENF.pdf,3018246
Form1066- KINE.pdf,857984
Form1069- KINE.pdf,874294
Form107- FONO.pdf,892143
Form1070- ENF.pdf,2467719
Form1070- KINE.pdf,827139
Form1074- ENF.pdf,2030883
Form1075- KINE.pdf,931523
Form1079- ENF.pdf,1668262
Form108- ENF.pdf,997113
Form108- FONO.pdf,707460
Form108- PEDIA.pdf,5387129
Form1080- ENF.pdf,1831986
Form1081- ENF.pdf,2020018
Form1083- ENF.pdf,2546643
Form1083- KINE.pdf,775726
Form1084- ENF.pdf,1945472
Form1085- ENF.pdf,1543357
Form1086- ENF.pdf,985593
Form1087- ENF.pdf,795573
Form1088- KINE.pdf,732417
Form1089- KINE.pdf,656802
Form109- FONO.pdf,534487
Form109- KINE.pdf,838754
Form109- T.O.pdf,883951
Form1090- KINE.pdf,1005202
Form11- ECG.pdf,1452953
Form11- FONO.pdf,661408
Form11- PSICO.pdf,667741
Form11- PSIQ.pdf,1074099
Form11- T.O.pdf,809657
Form110- ENF.pdf,613186
Form110- FONO.pdf,74061
Form110- T.O.pdf,790571
Form1102- KINE.pdf,999984
Form1103- KINE.pdf,764883
Form111- CUI.pdf,1006825
Form111- FONO.pdf,742487
Form111- T.O.pdf,854636
Form1113- KINE.pdf,1001956
Form112- FONO.pdf,684791
Form112- KINE.pdf,780158
Form112- T.O.pdf,860945
Form1121- KINE.pdf,807476
Form1123- KINE.pdf,899741
Form1129- KINE.pdf,754773
Form113- CUI.pdf,1020066
Form113- FONO.pdf,869826
Form113- T.O.pdf,893782
Form1137- KINE.pdf,801785
Form1139- KINE.pdf,740335
Form114- FONO.pdf,596816
Form114- T.O.pdf,869915
Form115- FONO.pdf,716223
Form115- KINE.pdf,762840
Form1153- KINE.pdf,891455
Form116- CUI.pdf,1001816
Form116- FONO.pdf,840613
Form1162- KINE.pdf,838280
Form1163- KINE.pdf,926536
Form1169- KINE.pdf,800040
Form117- ENF.pdf,763956
Form117- FONO.pdf,1009932
Form117- T.O.pdf,934079
Form1171- KINE.pdf,841352
Form1176- KINE.pdf,761340
Form118- FONO.pdf,697286
Form1180- KINE.pdf,793126
Form1184- KINE.pdf,765052
Form1185- KINE.pdf,841153
Form1192- KINE.pdf,895743
Form12- ECG.pdf,501638
Form12- ENF.pdf,732315
Form12- FONO.pdf,984675
Form12- PSICO.pdf,640735
Form12- PSIQ.pdf,810392
Form12- T.O.pdf,754288
Form120- ENF.pdf,845673
Form120- FONO.pdf,302181
Form1204- KINE.pdf,608988
Form1209- MED.pdf,797979
Form121- FONO.pdf,404546
Form122- FONO.pdf,64953
Form1221- KINE.pdf,851674
Form1223- KINE.pdf,921884
Form1224- KINE.pdf,845486
Form1229- KINE.pdf,866959
Form123- CUI.pdf,1011589
Form123- FONO.pdf,1505220
Form1230- KINE.pdf,1019774
Form1231- KINE.pdf,949689
Form1233- KINE.pdf,805620
Form1239- KINE.pdf,809887
Form124- FONO.pdf,435095
Form1240- KINE.pdf,772269
Form1241- KINE.pdf,921470
Form125- FONO.pdf,617698
Form125- T.O.pdf,602484
Form1256- KINE.pdf,1010206
Form126- FONO.pdf,695453
Form1264- KINE.pdf,772590
Form127- FONO.pdf,622621
Form128- ENF.pdf,864522
Form128- FONO.pdf,698353
Form1284- KINE.pdf,986261
Form1285- KINE.pdf,959190
Form129- FONO.pdf,322183
Form129- T.O.pdf,989859
Form1290- KINE.pdf,926797
Form1292- KINE.pdf,917728
Form13- ECG.pdf,1238059
Form13- FONO.pdf,794316
Form13- PSICO.pdf,965376
Form13- PSIQ.pdf,1067674
Form13- T.O.pdf,1233185
Form130- CUI.pdf,992623
Form130- FONO.pdf,721210
Form130- T.O.pdf,631485
Form131- FONO.pdf,831511
Form131- T.O.pdf,695480
Form1314- KINE.pdf,620828
Form132- FONO.pdf,402765
Form1320- KINE.pdf,988934
Form133- FONO.pdf,630170
Form133- T.O.pdf,845661
Form134- FONO.pdf,733213
Form134- T.O.pdf,799715
Form135- FONO.pdf,823442
Form136- FONO.pdf,858157
Form136- KINE.pdf,863070
Form137- FONO.pdf,858157
Form138- FONO.pdf,290816
Form138- KINE.pdf,836479
Form139- FONO.pdf,620954
Form14- ECG.pdf,1175020
Form14- FONO.pdf,841624
Form14- PSICO.pdf,981901
Form14- PSIQ.pdf,1407108
Form14- T.O.pdf,1161993
Form140- FONO.pdf,456900
Form140- T.O.pdf,787871
Form141- FONO.pdf,72056
Form141- T.O.pdf,777556
Form142- ENF.pdf,841158
Form142- FONO.pdf,793343
Form142- T.O.pdf,851207
Form143- FONO.pdf,722778
Form143- KINE.pdf,655659
Form1433- KINE.pdf,946057
Form144- FONO.pdf,1061197
Form145- FONO.pdf,1942539
Form146- FONO.pdf,553796
Form147- FONO.pdf,766087
Form148- FONO.pdf,716305
Form149- FONO.pdf,69433
Form15- ECG.pdf,1246063
Form15- ENF.pdf,624724
Form15- PSICO.pdf,857830
Form15- PSIQ.pdf,1039519
Form15- T.O.pdf,824229
Form150- FONO.pdf,319677
Form151- FONO.pdf,374709
Form152- FONO.pdf,338812
Form153- ENF.pdf,857347
Form153- FONO.pdf,897035
Form154- ENF.pdf,715174
Form154- FONO.pdf,683022
Form155- FONO.pdf,636577
Form1555- KINE.pdf,996528
Form156- ENF.pdf,890423
Form156- FONO.pdf,433377
Form157- FONO.pdf,460267
Form1572- KINE.pdf,1012619
Form158- FONO.pdf,534124
Form159- FONO.pdf,921186
Form16- ECG.pdf,1184552
Form16- PSICO.pdf,849208
Form16- PSIQ.pdf,662187
Form16- T.O.pdf,966348
Form160- FONO.pdf,321991
Form160- KINE.pdf,848965
Form160- T.O.pdf,1815222
Form161- FONO.pdf,378893
Form161- KINE.pdf,843291
Form161- T.O.pdf,1266906
Form162- FONO.pdf,217053
Form162- T.O.pdf,1226024
Form163- FONO.pdf,234156
Form163- T.O.pdf,1462078
Form1637- KINE.pdf,858536
Form164- FONO.pdf,649492
Form164- T.O.pdf,1388499
Form165- FONO.pdf,623509
Form165- T.O.pdf,1476773
Form166- CUI.pdf,969895
Form166- FONO.pdf,1480388
Form166- T.O.pdf,2106003
Form167- ENF.pdf,650008
Form167- KINE.pdf,923662
Form167- T.O.pdf,1804773
Form168- ENF.pdf,747817
Form168- KINE.pdf,939913
Form168- T.O.pdf,1200909
Form169- T.O.pdf,1743760
Form17- ECG.pdf,1293611
Form17- FONO.pdf,631920
Form17- PSICO.pdf,1016171
Form17- PSIQ.pdf,798553
Form17- T.O.pdf,989931
Form170- T.O.pdf,1298310
Form171- ENF.pdf,933978
Form171- T.O.pdf,1382296
Form172- T.O.pdf,1298970
Form173- ENF.pdf,819097
Form173- T.O.pdf,1471731
Form174- ENF.pdf,859349
Form174- T.O.pdf,1594577
Form175- ENF.pdf,1004632
Form175- KINE.pdf,873947
Form175- T.O.pdf,1278100
Form176- ENF.pdf,970844
Form176- T.O.pdf,1467210
Form177- MED.pdf,984876
Form177- T.O.pdf,1701519
Form178- KINE.pdf,845647
Form178- T.O.pdf,1149176
Form179- ENF.pdf,672493
Form179- FONO.pdf,955608
Form179- T.O.pdf,1622344
Form18- ECG.pdf,1331019
Form18- PSICO.pdf,923076
Form18- PSIQ.pdf,515574
Form18- T.O.pdf,973219
Form180- ENF.pdf,791940
Form180- FONO.pdf,1752974
Form180- T.O.pdf,1261486
Form181- ENF.pdf,942492
Form181- FONO.pdf,519647
Form181- KINE.pdf,903129
Form181- T.O.pdf,1218613
Form1815- KINE.pdf,978085
Form1818- KINE.pdf,948990
Form182- ENF.pdf,975836
Form182- FONO.pdf,763288
Form182- T.O.pdf,1601726
Form183- ENF.pdf,853345
Form183- FONO.pdf,657457
Form183- T.O.pdf,1427582
Form184- ENF.pdf,857764
Form184- FONO.pdf,581440
Form1845- KINE.pdf,983579
Form185- FONO.pdf,875404
Form186- FONO.pdf,921903
Form187- ENF.pdf,989149
Form187- FONO.pdf,837586
Form187- T.O.pdf,1136297
Form188- CUI.pdf,973089
Form188- FONO.pdf,838156
Form189- FONO.pdf,861268
Form19- FONO.pdf,784823
Form19- KINE.pdf,930490
Form19- PSICO.pdf,698903
Form19- PSIQ.pdf,642754
Form19- T.O.pdf,1329307
Form190- ENF.pdf,882107
Form190- FONO.pdf,615018
Form191- ENF.pdf,644391
Form1916- KINE.pdf,911892
Form192- ENF.pdf,638338
Form192- FONO.pdf,701224
Form192- KINE.pdf,940402
Form193- FONO.pdf,892766
Form194- ENF.pdf,807625
Form194- FONO.pdf,850954
Form194- KINE.pdf,750523
Form195- ENF.pdf,745406
Form195- FONO.pdf,713106
Form196- ENF.pdf,1002457
Form196- FONO.pdf,720020
Form1966- KINE.pdf,924158
Form197- CUI.pdf,939807
Form197- ENF.pdf,742733
Form197- FONO.pdf,674288
Form197- KINE.pdf,834149
Form198- FONO.pdf,799481
Form199- ENF.pdf,614017
Form199- FONO.pdf,728434
Form199- T.O.pdf,1131285
Form2- ECG.pdf,1332231
Form2- FONO.pdf,784855
Form2- PSICO.pdf,974578
Form20- FONO.pdf,911875
Form20- PSICO.pdf,942871
Form20- PSIQ.pdf,655852
Form20- T.O.pdf,932723
Form200- FONO.pdf,774320
Form201- ENF.pdf,592134
Form201- FONO.pdf,798182
Form201- T.O.pdf,1175122
Form202- FONO.pdf,659440
Form202- KINE.pdf,915569
Form203- ENF.pdf,717847
Form203- FONO.pdf,882455
Form204- ENF.pdf,980784
Form204- FONO.pdf,985546
Form204- T.O.pdf,1305396
Form2040- KINE.pdf,998810
Form205- FONO.pdf,867110
Form206- ENF.pdf,761321
Form207- ENF.pdf,718078
Form207- FONO.pdf,829548
Form208- ENF.pdf,721756
Form208- FONO.pdf,727161
Form209- FONO.pdf,726303
Form209- KINE.pdf,875612
Form209- T.O.pdf,1510698
Form21- FONO.pdf,850974
Form21- KINE.pdf,930830
Form21- PSICO.pdf,1032437
Form21- PSIQ.pdf,1315187
Form21- T.O.pdf,819839
Form210- FONO.pdf,759181
Form210- T.O.pdf,1609199
Form211- FONO.pdf,793912
Form211- T.O.pdf,1523474
Form2117- KINE.pdf,808308
Form212- ENF.pdf,924292
Form212- FONO.pdf,743209
Form213- CUI.pdf,945316
Form213- FONO.pdf,608491
Form213- T.O.pdf,1335702
Form214- FONO.pdf,902095
Form215- ENF.pdf,813803
Form215- FONO.pdf,873942
Form215- KINE.pdf,855606
Form218- FONO.pdf,758086
Form218- T.O.pdf,2835105
Form219- FONO.pdf,803735
Form219- T.O.pdf,2762087
Form22- PSICO.pdf,1131071
Form22- T.O.pdf,712965
Form220- ENF.pdf,945282
Form220- FONO.pdf,811126
Form220- T.O.pdf,2584082
Form221- KINE.pdf,992564
Form221- T.O.pdf,2018274
Form222- KINE.pdf,1024780
Form223- FONO.pdf,929665
Form223- KINE.pdf,1007293
Form223- T.O.pdf,1890601
Form224- ENF.pdf,877885
Form224- FONO.pdf,914546
Form225- ENF.pdf,858564
Form225- T.O.pdf,2536576
Form227- ENF.pdf,812395
Form227- T.O.pdf,3603856
Form229- ENF.pdf,860226
Form229- FONO.pdf,814543
Form229- KINE.pdf,838874
Form23- CUI.pdf,1524882
Form23- PSICO.pdf,949323
Form23- PSIQ.pdf,1016998
Form23- T.O.pdf,614567
Form231- CUI.pdf,995442
Form231- ENF.pdf,760741
Form232- ENF.pdf,805025
Form232- FONO.pdf,828866
Form2325- KINE.pdf,1000742
Form233- FONO.pdf,698853
Form234- FONO.pdf,819861
Form234- KINE.pdf,936936
Form235- ENF.pdf,762063
Form236- ENF.pdf,639322
Form236- FONO.pdf,769100
Form236- KINE.pdf,984404
Form2368- KINE.pdf,824598
Form237- ENF.pdf,790320
Form238- ENF.pdf,945868
Form238- FONO.pdf,684752
Form239- ENF.pdf,1010508
Form24- FONO.pdf,791262
Form24- PSICO.pdf,746624
Form24- PSIQ.pdf,488827
Form24- T.O.pdf,803060
Form240- ENF.pdf,907055
Form240- FONO.pdf,865274
Form241- ENF.pdf,696789
Form241- KINE.pdf,1013456
Form242- ENF.pdf,827512
Form242- FONO.pdf,775938
Form243- ENF.pdf,825933
Form243- FONO.pdf,671348
Form245- FONO.pdf,769262
Form246- ENF.pdf,618482
Form246- FONO.pdf,696910
Form248- ENF.pdf,864530
Form248- FONO.pdf,882093
Form248- KINE.pdf,709418
Form249- FONO.pdf,659170
Form25- FONO.pdf,691958
Form25- PSICO.pdf,818820
Form25- PSIQ.pdf,1097969
Form25- T.O.pdf,676798
Form250- ENF.pdf,784003
Form250- FONO.pdf,820445
Form252- ENF.pdf,900647
Form253- ENF.pdf,832900
Form253- FONO.pdf,1041529
Form254- ENF.pdf,647009
Form254- FONO.pdf,884147
Form255- ENF.pdf,1000221
Form255- FONO.pdf,846685
Form256- FONO.pdf,758210
Form257- ENF.pdf,989549
Form257- FONO.pdf,879910
Form258- FONO.pdf,677311
Form258- KINE.pdf,864800
Form259- ENF.pdf,768516
Form259- FONO.pdf,808395
Form26- FONO.pdf,632454
Form26- PSICO.pdf,865074
Form26- PSIQ.pdf,1870943
Form26- T.O.pdf,710295
Form260- FONO.pdf,820469
Form261- ENF.pdf,640890
Form261- FONO.pdf,937228
Form262- FONO.pdf,693534
Form2624- KINE.pdf,951893
Form263- FONO.pdf,730578
Form2635- KINE.pdf,988632
Form264- ENF.pdf,870418
Form264- FONO.pdf,908503
Form2649- KINE.pdf,975267
Form265- ENF.pdf,977038
Form265- FONO.pdf,953309
Form266- KINE.pdf,768440
Form267- ENF.pdf,921772
Form267- FONO.pdf,668223
Form267- KINE.pdf,708524
Form268- ENF.pdf,748339
Form268- FONO.pdf,875040
Form268- KINE.pdf,903480
Form269- ENF.pdf,956304
Form269- FONO.pdf,839838
Form27- ENF.pdf,653983
Form27- FONO.pdf,647762
Form27- PSICO.pdf,710984
Form27- PSIQ.pdf,1811426
Form27- T.O.pdf,772060
Form270- FONO.pdf,819976
Form271- ENF.pdf,586491
Form271- FONO.pdf,827207
Form271- KINE.pdf,857796
Form272- FONO.pdf,956962
Form273- FONO.pdf,901371
Form274- ENF.pdf,1021367
Form274- FONO.pdf,676361
Form2744- KINE.pdf,986479
Form275- FONO.pdf,791096
Form276- ENF.pdf,718423
Form276- FONO.pdf,280852
Form2766- KINE.pdf,922775
Form277- ENF.pdf,646056
Form278- ENF.pdf,853097
Form2785- KINE.pdf,1015881
Form279- ENF.pdf,593497
Form279- FONO.pdf,886316
Form28- FONO.pdf,647142
Form28- PSICO.pdf,1093064
Form28- PSIQ.pdf,1037793
Form28- T.O.pdf,585630
Form280- KINE.pdf,825259
Form281- FONO.pdf,902919
Form282- ENF.pdf,681573
Form282- FONO.pdf,811802
Form2820- KINE.pdf,982070
Form283- ENF.pdf,873651
Form283- FONO.pdf,938668
Form284- ENF.pdf,568659
Form284- FONO.pdf,868868
Form285- KINE.pdf,717425
Form2857- KINE.pdf,731089
Form287- KINE.pdf,836183
Form2889- KINE.pdf,830741
Form289- ENF.pdf,812447
Form289- FONO.pdf,722317
Form289- KINE.pdf,627496
Form29- FONO.pdf,812339
Form29- PSICO.pdf,975248
Form29- PSIQ.pdf,1100561
Form29- T.O.pdf,849538
Form290- ENF.pdf,945021
Form291- ENF.pdf,775469
Form291- FONO.pdf,1026881
Form291- KINE.pdf,949236
Form2910- KINE.pdf,1006802
Form292- ENF.pdf,650053
Form292- FONO.pdf,1854907
Form292- KINE.pdf,781036
Form293- ENF.pdf,867515
Form293- FONO.pdf,1126885
Form293- KINE.pdf,880478
Form294- ENF.pdf,637765
Form294- FONO.pdf,626521
Form294- KINE.pdf,768197
Form295- ENF.pdf,841422
Form296- ENF.pdf,783166
Form297- ENF.pdf,592497
Form297- FONO.pdf,1021752
Form299- KINE.pdf,653504
Form2999- KINE.pdf,1015926
Form3- ECG.pdf,1224523
Form3- ENF.pdf,913240
Form3- FONO.pdf,480948
Form3- PSICO.pdf,806158
Form3- PSIQ.pdf,824045
Form30- KINE.pdf,955615
Form30- PSICO.pdf,785724
Form30- PSIQ.pdf,867684
Form30- T.O.pdf,693115
Form300- KINE.pdf,733448
Form301- KINE.pdf,652278
Form3034- KINE.pdf,999780
Form304- KINE.pdf,894131
Form3040- KINE.pdf,999768
Form31- FONO.pdf,912668
Form31- KINE.pdf,924710
Form31- PSICO.pdf,958087
Form31- PSIQ.pdf,904304
Form310- FONO.pdf,1005298
Form3108- KINE.pdf,1021990
Form3179- KINE.pdf,986555
Form3181- KINE.pdf,928730
Form319- FONO.pdf,907598
Form32- FONO.pdf,789446
Form32- PSICO.pdf,884958
Form32- PSIQ.pdf,809113
Form32- T.O.pdf,791538
Form320- FONO.pdf,908761
Form322- KINE.pdf,794837
Form323- KINE.pdf,729823
Form3243- KINE.pdf,1003312
Form326- FONO.pdf,831726
Form328- MED.pdf,1088033
Form329- MED.pdf,1097559
Form33- FONO.pdf,713558
Form33- PSICO.pdf,896498
Form33- PSIQ.pdf,1023419
Form33- T.O.pdf,925502
Form330- MED.pdf,1152575
Form331- FONO.pdf,810279
Form331- MED.pdf,1088838
Form332- MED.pdf,1246364
Form335- KINE.pdf,813442
Form339- KINE.pdf,777429
Form34- PSICO.pdf,812564
Form34- PSIQ.pdf,904568
Form34- T.O.pdf,1246846
Form3406- KINE.pdf,1005373
Form3419- KINE.pdf,975292
Form3432- KINE.pdf,960498
Form3434- KINE.pdf,890388
Form346- MED.pdf,1086273
Form347- MED.pdf,1085669
Form348- MED.pdf,1091789
Form3483- KINE.pdf,1017769
Form3488- KINE.pdf,935833
Form349- KINE.pdf,853458
Form349- MED.pdf,1104819
Form35- PSICO.pdf,743958
Form35- T.O.pdf,930249
Form350- MED.pdf,1091533
Form351- MED.pdf,1149765
Form352- MED.pdf,1079383
Form353- KINE.pdf,955191
Form353- MED.pdf,1138987
Form354- KINE.pdf,1015423
Form354- MED.pdf,1141617
Form357- KINE.pdf,745735
Form36- FONO.pdf,862572
Form36- PSICO.pdf,703216
Form36- T.O.pdf,1437408
Form362- KINE.pdf,659005
Form363- KINE.pdf,806638
Form366- KINE.pdf,940898
Form367- KINE.pdf,907487
Form37- CUI.pdf,1056462
Form37- FONO.pdf,902271
Form37- KINE.pdf,809691
Form37- MED.pdf,560740
Form37- PSICO.pdf,707135
Form37- T.O.pdf,1223957
Form370- KINE.pdf,685136
Form371- KINE.pdf,643792
Form376- ENF.pdf,988348
Form377- KINE.pdf,804251
Form38- FONO.pdf,744461
Form38- MED.pdf,604653
Form38- PSICO.pdf,835792
Form38- PSIQ.pdf,661313
Form38- T.O.pdf,691773
Form380- KINE.pdf,939026
Form385- KINE.pdf,709755
Form386- KINE.pdf,649910
Form39- ENF.pdf,620618
Form39- PSICO.pdf,940572
Form39- T.O.pdf,855772
Form393- KINE.pdf,681823
Form4- ECG.pdf,1298270
Form4- PSICO.pdf,877388
Form4- PSIQ.pdf,816640
Form40- FONO.pdf,884573
Form40- PSICO.pdf,792498
Form40- T.O.pdf,912530
Form404- ENF.pdf,1001804
Form41- FONO.pdf,892343
Form41- PSICO.pdf,907253
Form41- T.O.pdf,704533
Form413- KINE.pdf,752134
Form417- KINE.pdf,783469
Form418- KINE.pdf,1008324
Form42- FONO.pdf,833966
Form42- KINE.pdf,973261
Form42- PSICO.pdf,803984
Form42- PSIQ.pdf,759010
Form42- T.O.pdf,880917
Form421- KINE.pdf,851897
Form422- KINE.pdf,852338
Form43- PSICO.pdf,1041783
Form43- PSIQ.pdf,815168
Form43- T.O.pdf,905995
Form430- KINE.pdf,848506
Form431- KINE.pdf,851867
Form436- CUI.pdf,1411915
Form437- CUI.pdf,3273419
Form44- PSICO.pdf,727067
Form44- T.O.pdf,821895
Form446- KINE.pdf,751317
Form45- ENF.pdf,943215
Form45- FONO.pdf,593249
Form45- PSICO.pdf,1038969
Form45- T.O.pdf,686172
Form454- ENF.pdf,1010425
Form456- CUI.pdf,1284350
Form46- FONO.pdf,739985
Form46- PSICO.pdf,1117397
Form46- T.O.pdf,955184
Form460- MED.pdf,706492
Form461- KINE.pdf,793120
Form47- FONO.pdf,882031
Form47- PSICO.pdf,793584
Form47- T.O.pdf,1061632
Form472- CUI.pdf,2291453
Form477- CUI.pdf,2125133
Form478- CUI.pdf,2630860
Form479- KINE.pdf,654687
Form48- CUI.pdf,956623
Form48- PSICO.pdf,1031761
Form48- T.O.pdf,872975
Form486- CUI.pdf,1122169
Form487- KINE.pdf,851709
Form488- CUI.pdf,1197189
Form488- KINE.pdf,884891
Form49- FONO.pdf,764724
Form49- PSICO.pdf,751025
Form49- T.O.pdf,1064346
Form490- KINE.pdf,868707
Form493- CUI.pdf,3112802
Form493- KINE.pdf,774680
Form494- KINE.pdf,794605
Form496- KINE.pdf,954872
Form498- KINE.pdf,825333
Form5- ECG.pdf,1258419
Form5- FONO.pdf,862072
Form5- PSICO.pdf,866095
Form5- PSIQ.pdf,800512
Form5- T.O.pdf,941245
Form50- PSICO.pdf,807659
Form50- T.O.pdf,1706022
Form51- FONO.pdf,888273
Form51- PSICO.pdf,775921
Form51- T.O.pdf,898459
Form510- CUI.pdf,1731869
Form510- KINE.pdf,871343
Form512- KINE.pdf,730051
Form513- KINE.pdf,744586
Form514- KINE.pdf,708179
Form516- KINE.pdf,865516
Form52- FONO.pdf,843900
Form52- PSICO.pdf,808722
Form52- T.O.pdf,621146
Form520- CUI.pdf,1578827
Form527- MED.pdf,934193
Form529- KINE.pdf,897196
Form53- FONO.pdf,905523
Form53- PSICO.pdf,967529
Form531- ENF.pdf,1013527
Form534- CUI.pdf,2189840
Form535- CUI.pdf,2281629
Form538- KINE.pdf,822547
Form539- CUI.pdf,921759
Form54- CUI.pdf,969804
Form54- FONO.pdf,856544
Form54- PSICO.pdf,913855
Form540- CUI.pdf,795469
Form542- CUI.pdf,2390827
Form544- CUI.pdf,2005702
Form55- FONO.pdf,654314
Form55- PEDIA.pdf,351448
Form55- PSICO.pdf,901768
Form551- MED.pdf,1084512
Form553- MED.pdf,977622
Form555- MED.pdf,1063101
Form556- MED.pdf,1079108
Form56- CUI.pdf,1052961
Form56- FONO.pdf,915452
Form56- PEDIA.pdf,336108
Form56- PSICO.pdf,928231
Form56- T.O.pdf,666166
Form57- CUI.pdf,983927
Form57- FONO.pdf,872905
Form57- KINE.pdf,841613
Form57- PSICO.pdf,749733
Form58- FONO.pdf,863940
Form58- PEDIA.pdf,528752
Form58- PSICO.pdf,762210
Form585- KINE.pdf,759066
Form586- KINE.pdf,600763
Form586- MED.pdf,926419
Form587- MED.pdf,906969
Form588- MED.pdf,924905
Form589- MED.pdf,937774
Form59- FONO.pdf,863177
Form59- PEDIA.pdf,456243
Form59- PSICO.pdf,690833
Form590- MED.pdf,911684
Form594- KINE.pdf,769084
Form595- KINE.pdf,590827
Form6- CUI.pdf,1169480
Form6- ECG.pdf,1275846
Form6- FONO.pdf,807559
Form6- PSICO.pdf,841852
Form6- PSIQ.pdf,1004196
Form6- T.O.pdf,770266
Form60- ENF.pdf,690627
Form60- FONO.pdf,866860
Form60- PEDIA.pdf,490228
Form60- PSICO.pdf,779475
Form61- FONO.pdf,625667
Form61- PEDIA.pdf,748388
Form61- PSICO.pdf,646355
Form62- FONO.pdf,581363
Form62- PSICO.pdf,820161
Form62- T.O.pdf,649152
Form624- ENF.pdf,947401
Form625- ENF.pdf,1003611
Form63- PEDIA.pdf,476905
Form63- PSICO.pdf,993797
Form638- MED.pdf,947556
Form64- FONO.pdf,655443
Form64- PEDIA.pdf,543406
Form64- PSICO.pdf,1000177
Form642- ENF.pdf,959028
Form65- PEDIA.pdf,660501
Form65- PSICO.pdf,895746
Form659- KINE.pdf,648983
Form66- FONO.pdf,782631
Form66- KINE.pdf,690615
Form66- PEDIA.pdf,416328
Form66- PSICO.pdf,830991
Form67- FONO.pdf,776604
Form67- PEDIA.pdf,780795
Form67- PSICO.pdf,803384
Form68- ENF.pdf,918963
Form68- FONO.pdf,609155
Form68- PSICO.pdf,1780467
Form682- KINE.pdf,636363
Form684- ENF.pdf,1020422
Form684- KINE.pdf,880418
Form685- KINE.pdf,647551
Form69- FONO.pdf,730355
Form69- PSICO.pdf,2645354
Form691- KINE.pdf,851981
Form7- ECG.pdf,1221186
Form7- FONO.pdf,849831
Form7- PSICO.pdf,975032
Form7- PSIQ.pdf,960341
Form7- T.O.pdf,982452
Form70- PEDIA.pdf,371024
Form70- PSICO.pdf,1481708
Form701- KINE.pdf,875016
Form708- KINE.pdf,913204
Form709- KINE.pdf,835890
Form71- PSICO.pdf,216857
Form71- T.O.pdf,917638
Form710- KINE.pdf,662882
Form714- KINE.pdf,900160
Form715- KINE.pdf,901915
Form72- KINE.pdf,653680
Form72- PSICO.pdf,2050338
Form72- T.O.pdf,659072
Form73- T.O.pdf,903045
Form739- ENF.pdf,971833
Form74- FONO.pdf,983764
Form74- T.O.pdf,1495124
Form743- ENF.pdf,1019509
Form749- ENF.pdf,1017056
Form75- ENF.pdf,920668
Form758- ENF.pdf,939645
Form76- ENF.pdf,570804
Form77- FONO.pdf,932068
Form770- KINE.pdf,881752
Form772- KINE.pdf,658435
Form774- KINE.pdf,869030
Form78- FONO.pdf,527045
Form78- KINE.pdf,810817
Form79- FONO.pdf,536331
Form798- CUI.pdf,2867291
Form798- CUI_Parte1.pdf,2859880
Form798- CUI_ParteB1.pdf,600033
Form798- CUI_ParteB2.pdf,708926
Form798- ENF.pdf,982529
Form8- ECG.pdf,1362895
Form8- FONO.pdf,940985
Form8- PSICO.pdf,1017089
Form8- PSIQ.pdf,937674
Form8- T.O.pdf,819264
Form80- FONO.pdf,833152
Form800- CUI_Parte1.pdf,2486553
Form800- CUI_Parte2.pdf,2375967
Form800- CUI_Parte3.pdf,2091926
Form801- CUI_Parte1.pdf,2689616
Form801- CUI_Parte2.pdf,1090623
Form801- ENF.pdf,1010255
Form805- CUI.pdf,4407841
Form807- CUI.pdf,593819
Form807- CUI_Parte1.pdf,3575119
Form807- CUI_ParteB1.pdf,745450
Form807- CUI_ParteB2.pdf,778141
Form808- CUI_Parte1.pdf,2415616
Form808- CUI_Parte2.pdf,2138935
Form809- CUI_Parte1.pdf,1309780
Form809- CUI_Parte2.pdf,1480175
Form809- CUI_Parte3.pdf,1560961
Form809- CUI_Parte4.pdf,360881
Form81- FONO.pdf,670668
Form812- CUI_Parte1.pdf,5496868
Form812- CUI_Parte2.pdf,2172475
Form814- CUI_Parte1.pdf,2548542
Form814- CUI_Parte2.pdf,2632079
Form814- CUI_Parte3_Parte1.pdf,1286328
Form814- CUI_Parte3_Parte2.pdf,726180
Form814- CUI_Parte4.pdf,802318
Form819- CUI.pdf,2293987
Form82- FONO.pdf,482615
Form821- CUI_Parte1.pdf,2849444
Form821- CUI_Parte2.pdf,1902379
Form822- CUI.pdf,4364580
Form822- CUI_Parte1.pdf,3633488
Form822- CUI_Parte2.pdf,737643
Form823- CUI_Parte1.pdf,650027
Form823- CUI_Parte2.pdf,678544
Form823- CUI_Parte3.pdf,599566
Form823- CUI_ParteB1.pdf,2622021
Form823- CUI_ParteB2.pdf,1424580
Form825- CUI_Parte1.pdf,4412434
Form825- CUI_Parte2.pdf,3172306
Form825- CUI_Parte2_Parte1.pdf,2547452
Form825- CUI_Parte2_Parte2.pdf,628519
Form825- KINE.pdf,732403
Form826- CUI_Parte1.pdf,2138119
Form826- CUI_Parte2.pdf,1250030
Form827- CUI_Parte1.pdf,2794477
Form827- CUI_Parte2.pdf,1429865
Form827- KINE.pdf,567110
Form828- CUI_Parte1.pdf,4386161
Form828- CUI_Parte2.pdf,2285680
Form829- CUI_Parte1.pdf,2756849
Form829- CUI_Parte2.pdf,1375853
Form83- FONO.pdf,659732
Form830- CUI_Parte1.pdf,1771075
Form830- CUI_Parte2.pdf,832618
Form832- CUI_Parte1.pdf,1620034
Form832- CUI_Parte2.pdf,2112674
Form832- CUI_Parte3.pdf,329597
Form834- CUI_Parte1.pdf,2356384
Form834- CUI_Parte2.pdf,838738
Form835- CUI_Parte1.pdf,2229411
Form835- CUI_Parte2.pdf,824284
Form837- CUI_Parte1.pdf,2708790
Form837- CUI_Parte2.pdf,1217333
Form838- CUI_Parte1.pdf,3592417
Form838- CUI_Parte2.pdf,1586438
Form839- CUI_Parte1.pdf,1305339
Form839- CUI_Parte2.pdf,1552228
Form839- CUI_Parte3.pdf,1105572
Form839- MED.pdf,1360416
Form84- FONO.pdf,334661
Form84- KINE.pdf,855197
Form840- KINE.pdf,977447
Form844- KINE.pdf,736500
Form848- KINE.pdf,701244
Form85- FONO.pdf,320330
Form85- T.O.pdf,1454170
Form852- KINE.pdf,787178
Form856- KINE.pdf,804183
Form857- ENF.pdf,989094
Form858- KINE.pdf,858585
Form86- FONO.pdf,792543
Form86- PEDIA.pdf,594276
Form861- KINE.pdf,633704
Form865- KINE.pdf,984202
Form868- ENF.pdf,969991
Form868- KINE.pdf,769623
Form87- ENF.pdf,637172
Form87- FONO.pdf,553836
Form87- KINE.pdf,725554
Form872- ENF.pdf,944022
Form88- CUI.pdf,958762
Form88- FONO.pdf,749905
Form88- T.O.pdf,633866
Form885- KINE.pdf,828281
Form889- KINE.pdf,960870
Form89- FONO.pdf,231340
Form89- KINE.pdf,1015364
Form89- PEDIA.pdf,324396
Form89- T.O.pdf,916890
Form9- ECG.pdf,504392
Form9- FONO.pdf,998308
Form9- PSICO.pdf,905743
Form9- PSIQ.pdf,1115665
Form9- T.O.pdf,676726
Form90- FONO.pdf,705537
Form90- KINE.pdf,809772
Form90- PEDIA.pdf,349872
Form90- T.O.pdf,831658
Form91- ENF.pdf,936018
Form91- FONO.pdf,829583
Form91- PEDIA.pdf,687726
Form911- KINE.pdf,875012
Form916- KINE.pdf,743884
Form919- KINE.pdf,990635
Form92- FONO.pdf,352755
Form92- T.O.pdf,961436
Form922- KINE.pdf,861228
Form923- KINE.pdf,940955
Form925- KINE.pdf,699518
Form93- CUI.pdf,959655
Form93- FONO.pdf,362113
Form93- T.O.pdf,887419
Form939- KINE.pdf,830405
Form94- FONO.pdf,642578
Form94- T.O.pdf,881368
Form942- ENF.pdf,988853
Form95- CUI.pdf,994210
Form95- FONO.pdf,269057
Form951- KINE.pdf,735181
Form955- KINE.pdf,819272
Form956- KINE.pdf,770888
Form96- ENF.pdf,991588
Form96- FONO.pdf,770300
Form96- PEDIA.pdf,2004239
Form964- KINE.pdf,789543
Form969- KINE.pdf,746408
Form97- FONO.pdf,344778
Form97- PEDIA.pdf,1966328
Form976- KINE.pdf,830614
Form979- KINE.pdf,829928
Form98- FONO.pdf,886753
Form98- PEDIA.pdf,1047726
Form986- KINE.pdf,823185
Form99- ENF.pdf,1023790
Form99- FONO.pdf,710421
Form99- PEDIA.pdf,1182981
Form990- KINE.pdf,968301
Form991- KINE.pdf,902229
Form998- KINE.pdf,747678
FormX1 - MED.pdf,762193
FormX10 - MED.pdf,552381
FormX11 - MED.pdf,681474
FormX12 - MED.pdf,488151
FormX13 - MED.pdf,564726
FormX14 - MED.pdf,603032
FormX15 - MED.pdf,117872
FormX16 - MED.pdf,466208
FormX17 - MED.pdf,179324
FormX18 - MED.pdf,179345
FormX19 - MED.pdf,716177
FormX2 - MED.pdf,524604
FormX20 - MED.pdf,657171
FormX21 - MED.pdf,667316
FormX22 - MED.pdf,165276
FormX23 - MED.pdf,786274
FormX24 - MED.pdf,711878
FormX25 - MED.pdf,706964
FormX26 - MED.pdf,175599
FormX27 - MED.pdf,174050
FormX28 - MED.pdf,653338
FormX29 - MED.pdf,653334
FormX3 - MED.pdf,457926
FormX30 - MED.pdf,1013800
FormX31 - MED.pdf,110962
FormX32 - MED.pdf,106687
FormX33 - MED.pdf,1237084
FormX34 - MED.pdf,111355
FormX35 - MED.pdf,108780
FormX36 - MED.pdf,104382
FormX37 - MED.pdf,541527
FormX38 - MED.pdf,597130
FormX39 - MED.pdf,588318
FormX4 - MED.pdf,695539
FormX40 - MED.pdf,615105
FormX41 - MED.pdf,636085
FormX42 - MED.pdf,558549
FormX43 - MED.pdf,682622
FormX44 - MED.pdf,567598
FormX45 - MED.pdf,667864
FormX46 - MED.pdf,551362
FormX47 - MED.pdf,651076
FormX48 - MED.pdf,629130
FormX49 - MED.pdf,651892
FormX5 - MED.pdf,692264
FormX50 - MED.pdf,733397
FormX51 - MED.pdf,788450
FormX52 - MED.pdf,609375
FormX53 - MED.pdf,569156
FormX54 - MED.pdf,612014
FormX55 - MED.pdf,646873
FormX56 - MED.pdf,606043
FormX57 - MED.pdf,660656
FormX58 - MED.pdf,706357
FormX59 - MED.pdf,763135
FormX6 - MED.pdf,637578
FormX60 - MED.pdf,770896
FormX61 - MED.pdf,487737
FormX62 - MED.pdf,729622
FormX63 - MED.pdf,767325
FormX64 - MED.pdf,702677
FormX65 - MED.pdf,544402
FormX66 - MED.pdf,697775
FormX67 - MED.pdf,692186
FormX68 - MED.pdf,778853
FormX69 - MED.pdf,484152
FormX7 - MED.pdf,694558
FormX70 - MED.pdf,703628
FormX71 - MED.pdf,697145
FormX72 - MED.pdf,592138
FormX73 - MED.pdf,508780
FormX74 - MED.pdf,601969
FormX75 - MED.pdf,701705
FormX76 - MED.pdf,743563
FormX77 - MED.pdf,467394
FormX78 - MED.pdf,679018
FormX8 - MED.pdf,521930
FormX9 - MED.pdf,683522
