NOMBRE,CANTIDAD DE PAGINAS,SIZE
Form1- ECG.pdf,2,1260737
Form1- ENF.pdf,2,606888
Form1- KINE.pdf,2,855909
Form10- ECG.pdf,2,1102842
Form10- FONO.pdf,2,874300
Form10- KINE.pdf,2,775048
Form10- T.O.pdf,2,881560
Form100- KINE.pdf,2,916542
Form1000- KINE.pdf,2,825883
Form1002- KINE.pdf,2,759714
Form1003- KINE.pdf,2,832297
Form1005- KINE.pdf,2,761718
Form1006- KINE.pdf,2,746114
Form1007- KINE.pdf,2,798306
Form1008- KINE.pdf,2,618364
Form1009- KINE.pdf,2,760842
Form101- CUI.pdf,2,1022199
Form101- KINE.pdf,2,872101
Form101- T.O.pdf,2,685220
Form1010- KINE.pdf,2,743520
Form1011- KINE.pdf,2,845831
Form1012- KINE.pdf,2,574713
Form1013- KINE.pdf,2,991989
Form1015- KINE.pdf,2,933498
Form1016- KINE.pdf,2,784635
Form1017- KINE.pdf,2,765119
Form1018- KINE.pdf,2,736518
Form1019- KINE.pdf,2,759397
Form102- CUI.pdf,2,962900
Form102- ENF.pdf,2,849250
Form102- KINE.pdf,2,1014877
Form102- T.O.pdf,2,916991
Form1020- KINE.pdf,2,846493
Form1021- KINE.pdf,2,945950
Form1022- KINE.pdf,2,807059
Form1023- KINE.pdf,2,778199
Form1024- KINE.pdf,2,667853
Form1026- KINE.pdf,2,866114
Form1029- KINE.pdf,2,800213
Form103- KINE.pdf,2,981600
Form103- T.O.pdf,2,963126
Form1030- KINE.pdf,2,746830
Form1032- KINE.pdf,2,931611
Form1033- KINE.pdf,2,924167
Form1034- KINE.pdf,2,572382
Form1035- KINE.pdf,2,802851
Form1036- KINE.pdf,2,971601
Form1037- KINE.pdf,2,429887
Form1038- KINE.pdf,2,784535
Form1039- KINE.pdf,2,880558
Form104- KINE.pdf,2,645209
Form1040- KINE.pdf,2,731900
Form1041- KINE.pdf,2,768113
Form1042- KINE.pdf,2,977127
Form1043- KINE.pdf,2,654971
Form1044- KINE.pdf,1,493625
Form1046- KINE.pdf,2,629609
Form1049- KINE.pdf,2,912262
Form105- KINE.pdf,2,987509
Form105- T.O.pdf,2,852096
Form1052- KINE.pdf,2,801956
Form1053- KINE.pdf,2,849613
Form1055- KINE.pdf,2,761417
Form1056- KINE.pdf,2,902442
Form1057- KINE.pdf,2,782861
Form1058- KINE.pdf,2,922969
Form1059- KINE.pdf,2,899542
Form106- KINE.pdf,2,635486
Form1060- KINE.pdf,2,690090
Form1061- KINE.pdf,2,769726
Form1062- KINE.pdf,2,833083
Form1063- KINE.pdf,2,819021
Form1066- KINE.pdf,2,857984
Form1069- KINE.pdf,2,874294
Form107- KINE.pdf,2,950018
Form1070- KINE.pdf,2,827139
Form1071- KINE.pdf,2,987365
Form1072- KINE.pdf,2,887546
Form1073- KINE.pdf,2,847767
Form1075- KINE.pdf,2,931523
Form1076- KINE.pdf,2,590595
Form1079- KINE.pdf,2,823388
Form108- ENF.pdf,2,997113
Form108- KINE.pdf,2,824366
Form1080- KINE.pdf,2,832906
Form1083- KINE.pdf,2,775726
Form1084- KINE.pdf,2,706490
Form1085- KINE.pdf,2,827582
Form1086- KINE.pdf,2,866419
Form1087- KINE.pdf,2,922417
Form1088- KINE.pdf,2,732417
Form1089- KINE.pdf,2,656802
Form109- KINE.pdf,2,838754
Form109- T.O.pdf,2,883951
Form1090- KINE.pdf,2,1005202
Form1092- KINE.pdf,2,1019699
Form1094- KINE.pdf,2,715766
Form1095- KINE.pdf,2,780376
Form1096- KINE.pdf,2,713955
Form1097- KINE.pdf,2,827235
Form1098- KINE.pdf,2,751006
Form1099- KINE.pdf,2,751188
Form11- ECG.pdf,2,1452953
Form11- FONO.pdf,2,661408
Form11- T.O.pdf,2,809657
Form110- ENF.pdf,2,613186
Form110- T.O.pdf,2,790571
Form1102- KINE.pdf,2,999984
Form1103- KINE.pdf,2,764883
Form1104- KINE.pdf,2,747337
Form1105- KINE.pdf,2,870681
Form1106- KINE.pdf,2,703881
Form1107- KINE.pdf,2,720585
Form1108- KINE.pdf,2,769902
Form1109- KINE.pdf,2,778211
Form111- CUI.pdf,2,1006825
Form111- FONO.pdf,2,742487
Form111- KINE.pdf,2,940552
Form111- T.O.pdf,2,854636
Form1110- KINE.pdf,2,759821
Form1113- KINE.pdf,2,1001956
Form1114- KINE.pdf,2,921198
Form1115- KINE.pdf,2,633916
Form1118- KINE.pdf,2,638661
Form1119- KINE.pdf,2,904961
Form112- FONO.pdf,2,684791
Form112- KINE.pdf,2,780158
Form112- T.O.pdf,2,860945
Form1120- KINE.pdf,2,690450
Form1121- KINE.pdf,2,807476
Form1123- KINE.pdf,2,899741
Form1124- KINE.pdf,2,889135
Form1125- KINE.pdf,2,713708
Form1127- KINE.pdf,2,748498
Form1128- KINE.pdf,2,675256
Form1129- KINE.pdf,2,754773
Form113- CUI.pdf,2,1020066
Form113- FONO.pdf,2,869826
Form113- KINE.pdf,2,867685
Form113- T.O.pdf,2,893782
Form1130- KINE.pdf,2,985163
Form1131- KINE.pdf,2,900100
Form1132- KINE.pdf,2,857607
Form1133- KINE.pdf,2,852035
Form1134- KINE.pdf,2,868558
Form1135- KINE.pdf,2,1018586
Form1136- KINE.pdf,2,940145
Form1137- KINE.pdf,2,801785
Form1138- KINE.pdf,2,784312
Form1139- KINE.pdf,2,740335
Form114- FONO.pdf,2,596816
Form114- KINE.pdf,2,955733
Form114- T.O.pdf,2,869915
Form1140- KINE.pdf,2,763702
Form1141- KINE.pdf,2,756443
Form1142- KINE.pdf,2,944751
Form1143- KINE.pdf,2,754207
Form1145- KINE.pdf,2,715285
Form1146- KINE.pdf,2,894232
Form1147- KINE.pdf,2,1026090
Form1148- KINE.pdf,2,830778
Form1149- KINE.pdf,2,744475
Form115- FONO.pdf,2,716223
Form115- KINE.pdf,2,762840
Form1150- KINE.pdf,2,830523
Form1151- KINE.pdf,2,828521
Form1152- KINE.pdf,2,883687
Form1153- KINE.pdf,2,891455
Form1156- KINE.pdf,2,968894
Form1157- KINE.pdf,2,968087
Form1158- KINE.pdf,2,716885
Form1159- KINE.pdf,2,849411
Form116- CUI.pdf,2,1001816
Form116- FONO.pdf,2,840613
Form1160- KINE.pdf,2,676127
Form1161- KINE.pdf,2,845062
Form1162- KINE.pdf,2,838280
Form1163- KINE.pdf,2,926536
Form1164- KINE.pdf,2,963435
Form1165- KINE.pdf,2,810960
Form1166- KINE.pdf,2,795912
Form1168- KINE.pdf,2,931639
Form1169- KINE.pdf,2,800040
Form117- ENF.pdf,2,763956
Form117- FONO.pdf,2,1009932
Form117- KINE.pdf,2,957944
Form117- T.O.pdf,2,934079
Form1171- KINE.pdf,2,841352
Form1172- KINE.pdf,2,952551
Form1173- KINE.pdf,2,578256
Form1174- KINE.pdf,2,997496
Form1175- KINE.pdf,2,952923
Form1176- KINE.pdf,2,761340
Form1177- KINE.pdf,2,916361
Form1179- KINE.pdf,2,897971
Form118- FONO.pdf,2,697286
Form1180- KINE.pdf,2,793126
Form1181- KINE.pdf,2,771691
Form1182- KINE.pdf,2,925069
Form1183- KINE.pdf,2,760498
Form1184- KINE.pdf,2,765052
Form1185- KINE.pdf,2,841153
Form1186- KINE.pdf,2,788879
Form1187- KINE.pdf,2,773070
Form1188- KINE.pdf,2,898749
Form1189- KINE.pdf,2,835306
Form1190- KINE.pdf,2,736017
Form1191- KINE.pdf,2,795001
Form1192- KINE.pdf,2,895743
Form1193- KINE.pdf,2,757369
Form1194- KINE.pdf,2,812476
Form1195- KINE.pdf,2,987117
Form1196- KINE.pdf,2,1019825
Form1197- KINE.pdf,2,978193
Form1198- KINE.pdf,2,938527
Form1199- KINE.pdf,2,962425
Form12- ECG.pdf,1,501638
Form12- ENF.pdf,2,732315
Form12- FONO.pdf,2,984675
Form12- T.O.pdf,2,754288
Form120- ENF.pdf,2,845673
Form120- KINE.pdf,2,814783
Form1200- KINE.pdf,2,679786
Form1201- KINE.pdf,2,660809
Form1202- KINE.pdf,2,902009
Form1203- KINE.pdf,2,912267
Form1204- KINE.pdf,2,608988
Form1205- KINE.pdf,2,623422
Form1206- KINE.pdf,2,943175
Form1207- KINE.pdf,2,881931
Form1208- KINE.pdf,2,952268
Form1209- KINE.pdf,2,1008411
Form1209- MED.pdf,3,797979
Form1210- KINE.pdf,2,995465
Form1212- KINE.pdf,2,915954
Form1213- KINE.pdf,2,909569
Form1216- KINE.pdf,2,797156
Form122- KINE.pdf,2,829911
Form1221- KINE.pdf,2,851674
Form1222- KINE.pdf,2,1007100
Form1223- KINE.pdf,2,921884
Form1224- KINE.pdf,2,845486
Form1225- KINE.pdf,2,854657
Form1226- KINE.pdf,2,908699
Form1227- KINE.pdf,2,874855
Form1228- KINE.pdf,2,840983
Form1229- KINE.pdf,2,866959
Form123- CUI.pdf,2,1011589
Form123- KINE.pdf,2,948330
Form1230- KINE.pdf,2,1019774
Form1231- KINE.pdf,2,949689
Form1233- KINE.pdf,2,805620
Form1234- KINE.pdf,2,859198
Form1236- KINE.pdf,2,898531
Form1237- KINE.pdf,2,887146
Form1238- KINE.pdf,2,856297
Form1239- KINE.pdf,2,809887
Form124- KINE.pdf,2,1001059
Form1240- KINE.pdf,2,772269
Form1241- KINE.pdf,2,921470
Form1242- KINE.pdf,2,967312
Form1244- KINE.pdf,2,882541
Form1245- KINE.pdf,2,851022
Form1247- KINE.pdf,2,754292
Form1248- KINE.pdf,2,923745
Form1249- KINE.pdf,2,918198
Form125- KINE.pdf,2,989542
Form125- T.O.pdf,2,602484
Form1251- KINE.pdf,2,579282
Form1252- KINE.pdf,2,662970
Form1253- KINE.pdf,2,668763
Form1254- KINE.pdf,2,927145
Form1255- KINE.pdf,2,953897
Form1256- KINE.pdf,2,1010206
Form1257- KINE.pdf,2,767191
Form1258- KINE.pdf,2,860281
Form126- KINE.pdf,2,927641
Form1260- KINE.pdf,2,873528
Form1261- KINE.pdf,2,1001917
Form1262- KINE.pdf,2,854943
Form1264- KINE.pdf,2,772590
Form1265- KINE.pdf,2,831643
Form1266- KINE.pdf,2,976989
Form1267- KINE.pdf,2,968931
Form1268- KINE.pdf,2,891667
Form1269- KINE.pdf,2,951059
Form127- KINE.pdf,2,654819
Form1271- KINE.pdf,2,981918
Form1276- KINE.pdf,2,875104
Form1277- KINE.pdf,2,974303
Form1278- KINE.pdf,2,889136
Form1279- KINE.pdf,2,990732
Form128- ENF.pdf,2,864522
Form128- KINE.pdf,2,953831
Form1280- KINE.pdf,2,938127
Form1282- KINE.pdf,2,747927
Form1284- KINE.pdf,2,986261
Form1285- KINE.pdf,2,959190
Form1286- KINE.pdf,2,920558
Form1287- KINE.pdf,2,931658
Form1288- KINE.pdf,2,831307
Form1289- KINE.pdf,2,839350
Form129- KINE.pdf,2,840834
Form129- T.O.pdf,2,989859
Form1290- KINE.pdf,2,926797
Form1292- KINE.pdf,2,917728
Form1297- KINE.pdf,2,919079
Form1298- KINE.pdf,2,854478
Form1299- KINE.pdf,2,875368
Form13- ECG.pdf,2,1238059
Form13- FONO.pdf,2,794316
Form13- T.O.pdf,2,1233185
Form130- CUI.pdf,2,992623
Form130- KINE.pdf,2,895927
Form130- T.O.pdf,2,631485
Form1302- KINE.pdf,2,1013607
Form1303- KINE.pdf,2,994219
Form1307- KINE.pdf,2,924884
Form1308- KINE.pdf,2,931354
Form1309- KINE.pdf,2,953222
Form131- KINE.pdf,2,900313
Form131- T.O.pdf,2,695480
Form1310- KINE.pdf,2,862263
Form1311- KINE.pdf,2,617698
Form1312- KINE.pdf,2,684030
Form1313- KINE.pdf,2,735934
Form1314- KINE.pdf,2,620828
Form1315- KINE.pdf,2,672542
Form1316- KINE.pdf,2,805792
Form1317- KINE.pdf,2,790792
Form1320- KINE.pdf,2,988934
Form1321- KINE.pdf,2,932855
Form1324- KINE.pdf,2,640661
Form133- T.O.pdf,2,845661
Form1339- KINE.pdf,3,927048
Form134- KINE.pdf,2,886218
Form134- T.O.pdf,2,799715
Form135- FONO.pdf,2,823442
Form136- FONO.pdf,2,858157
Form136- KINE.pdf,2,863070
Form137- FONO.pdf,2,858157
Form1378- KINE.pdf,3,1020190
Form138- KINE.pdf,2,836479
Form139- FONO.pdf,2,620954
Form14- ECG.pdf,2,1175020
Form14- FONO.pdf,2,841624
Form14- KINE.pdf,2,978403
Form14- T.O.pdf,2,1161993
Form140- KINE.pdf,2,687474
Form140- T.O.pdf,2,787871
Form141- KINE.pdf,2,822655
Form141- T.O.pdf,2,777556
Form142- ENF.pdf,2,841158
Form142- T.O.pdf,2,851207
Form1426- KINE.pdf,3,890199
Form143- KINE.pdf,2,655659
Form1433- KINE.pdf,3,946057
Form1434- KINE.pdf,3,950980
Form144- KINE.pdf,2,934843
Form145- KINE.pdf,2,769276
Form146- KINE.pdf,2,745742
Form148- FONO.pdf,2,716305
Form15- ECG.pdf,2,1246063
Form15- ENF.pdf,2,624724
Form15- KINE.pdf,2,867797
Form15- T.O.pdf,2,824229
Form153- ENF.pdf,2,857347
Form153- FONO.pdf,2,897035
Form154- ENF.pdf,2,715174
Form154- KINE.pdf,2,703237
Form155- FONO.pdf,2,636577
Form1555- KINE.pdf,3,996528
Form156- ENF.pdf,2,890423
Form1560- KINE.pdf,3,954134
Form1570- KINE.pdf,3,992119
Form1571- KINE.pdf,3,970868
Form1572- KINE.pdf,3,1012619
Form1573- KINE.pdf,3,1017298
Form1574- KINE.pdf,3,950686
Form1575- KINE.pdf,3,997046
Form159- FONO.pdf,2,921186
Form159- KINE.pdf,2,820950
Form1594- KINE.pdf,3,989743
Form16- ECG.pdf,2,1184552
Form16- KINE.pdf,2,965499
Form16- T.O.pdf,2,966348
Form160- KINE.pdf,2,848965
Form1605- KINE.pdf,3,928562
Form161- KINE.pdf,2,843291
Form163- KINE.pdf,2,818360
Form1634- KINE.pdf,3,918494
Form1635- KINE.pdf,3,904604
Form1637- KINE.pdf,3,858536
Form1638- KINE.pdf,3,926178
Form164- KINE.pdf,2,860542
Form1647- KINE.pdf,3,1009120
Form165- KINE.pdf,2,835234
Form166- CUI.pdf,2,969895
Form1663- KINE.pdf,3,1008326
Form167- ENF.pdf,2,650008
Form167- KINE.pdf,2,923662
Form168- ENF.pdf,2,747817
Form168- KINE.pdf,2,939913
Form17- ECG.pdf,2,1293611
Form17- FONO.pdf,2,631920
Form17- KINE.pdf,2,982762
Form17- T.O.pdf,2,989931
Form170- KINE.pdf,2,980723
Form171- ENF.pdf,2,933978
Form171- KINE.pdf,2,853121
Form172- KINE.pdf,2,873234
Form173- ENF.pdf,2,819097
Form174- ENF.pdf,2,859349
Form174- KINE.pdf,2,884824
Form175- ENF.pdf,2,1004632
Form175- KINE.pdf,2,873947
Form176- ENF.pdf,2,970844
Form176- KINE.pdf,2,791592
Form177- KINE.pdf,2,768529
Form177- MED.pdf,2,984876
Form178- KINE.pdf,2,845647
Form1782- KINE.pdf,3,1007593
Form1789- KINE.pdf,3,911399
Form179- ENF.pdf,2,672493
Form179- KINE.pdf,2,836279
Form18- ECG.pdf,2,1331019
Form18- T.O.pdf,2,973219
Form180- ENF.pdf,2,791940
Form180- KINE.pdf,2,987001
Form181- ENF.pdf,2,942492
Form181- FONO.pdf,2,519647
Form181- KINE.pdf,2,903129
Form1815- KINE.pdf,3,978085
Form1818- KINE.pdf,3,948990
Form182- ENF.pdf,2,975836
Form182- KINE.pdf,2,780185
Form183- ENF.pdf,2,853345
Form183- FONO.pdf,2,657457
Form183- KINE.pdf,2,922335
Form1831- KINE.pdf,3,1002268
Form1832- KINE.pdf,3,1015661
Form184- ENF.pdf,2,857764
Form1845- KINE.pdf,3,983579
Form185- FONO.pdf,2,875404
Form1855- KINE.pdf,3,926886
Form1857- KINE.pdf,3,998485
Form186- FONO.pdf,2,921903
Form186- KINE.pdf,2,709425
Form187- ENF.pdf,2,989149
Form187- FONO.pdf,2,837586
Form187- KINE.pdf,2,801194
Form188- CUI.pdf,2,973089
Form188- FONO.pdf,2,838156
Form188- KINE.pdf,2,856532
Form189- FONO.pdf,2,861268
Form189- KINE.pdf,2,1011568
Form19- FONO.pdf,2,784823
Form19- KINE.pdf,2,930490
Form19- T.O.pdf,2,1329307
Form190- ENF.pdf,2,882107
Form190- FONO.pdf,2,615018
Form191- ENF.pdf,2,644391
Form1914- KINE.pdf,3,979177
Form1916- KINE.pdf,3,911892
Form1917- KINE.pdf,3,899544
Form192- ENF.pdf,2,638338
Form192- FONO.pdf,2,701224
Form192- KINE.pdf,2,940402
Form193- FONO.pdf,2,892766
Form193- KINE.pdf,2,584918
Form194- ENF.pdf,2,807625
Form194- FONO.pdf,2,850954
Form194- KINE.pdf,2,750523
Form195- ENF.pdf,2,745406
Form195- FONO.pdf,2,713106
Form195- KINE.pdf,2,868035
Form196- ENF.pdf,2,1002457
Form196- FONO.pdf,2,720020
Form196- KINE.pdf,2,910652
Form1966- KINE.pdf,3,924158
Form197- CUI.pdf,2,939807
Form197- ENF.pdf,2,742733
Form197- FONO.pdf,2,674288
Form197- KINE.pdf,2,834149
Form198- FONO.pdf,2,799481
Form198- KINE.pdf,2,925902
Form199- ENF.pdf,2,614017
Form199- FONO.pdf,2,728434
Form199- KINE.pdf,2,754484
Form2- ECG.pdf,2,1332231
Form2- KINE.pdf,2,693134
Form20- FONO.pdf,2,911875
Form20- KINE.pdf,2,634461
Form20- T.O.pdf,2,932723
Form200- FONO.pdf,2,774320
Form200- KINE.pdf,2,900294
Form2008- KINE.pdf,3,1014238
Form201- ENF.pdf,2,592134
Form201- FONO.pdf,2,798182
Form201- KINE.pdf,2,951184
Form202- FONO.pdf,2,659440
Form202- KINE.pdf,2,915569
Form2022- KINE.pdf,3,980199
Form203- ENF.pdf,2,717847
Form203- FONO.pdf,2,882455
Form203- KINE.pdf,2,922550
Form204- ENF.pdf,2,980784
Form204- FONO.pdf,2,985546
Form204- KINE.pdf,2,708940
Form2040- KINE.pdf,3,998810
Form2041- KINE.pdf,3,1002204
Form205- FONO.pdf,2,867110
Form205- KINE.pdf,2,704620
Form206- ENF.pdf,2,761321
Form206- KINE.pdf,2,854148
Form207- ENF.pdf,2,718078
Form207- FONO.pdf,2,829548
Form207- KINE.pdf,2,857784
Form208- ENF.pdf,2,721756
Form208- FONO.pdf,2,727161
Form208- KINE.pdf,2,874672
Form209- FONO.pdf,2,726303
Form209- KINE.pdf,2,875612
Form21- FONO.pdf,2,850974
Form21- KINE.pdf,2,930830
Form21- T.O.pdf,2,819839
Form210- FONO.pdf,2,759181
Form210- KINE.pdf,2,673026
Form211- FONO.pdf,2,793912
Form211- KINE.pdf,2,581419
Form2117- KINE.pdf,3,808308
Form212- ENF.pdf,2,924292
Form212- FONO.pdf,2,743209
Form213- CUI.pdf,2,945316
Form213- FONO.pdf,2,608491
Form213- KINE.pdf,2,798210
Form214- FONO.pdf,2,902095
Form214- KINE.pdf,2,882087
Form215- ENF.pdf,2,813803
Form215- FONO.pdf,2,873942
Form215- KINE.pdf,2,855606
Form218- FONO.pdf,2,758086
Form219- FONO.pdf,2,803735
Form22- T.O.pdf,2,712965
Form220- ENF.pdf,2,945282
Form220- FONO.pdf,2,811126
Form221- KINE.pdf,2,992564
Form222- KINE.pdf,2,1024780
Form223- FONO.pdf,2,929665
Form223- KINE.pdf,2,1007293
Form224- ENF.pdf,2,877885
Form224- FONO.pdf,2,914546
Form225- ENF.pdf,2,858564
Form2260- KINE.pdf,3,1025693
Form227- ENF.pdf,2,812395
Form227- KINE.pdf,2,733919
Form2276- KINE.pdf,3,905324
Form2289- KINE.pdf,3,981763
Form229- ENF.pdf,2,860226
Form229- FONO.pdf,2,814543
Form229- KINE.pdf,2,838874
Form2290- KINE.pdf,3,941078
Form23- T.O.pdf,2,614567
Form230- KINE.pdf,2,813534
Form231- CUI.pdf,2,995442
Form231- ENF.pdf,2,760741
Form232- ENF.pdf,2,805025
Form232- FONO.pdf,2,828866
Form2323- KINE.pdf,3,999864
Form2325- KINE.pdf,3,1000742
Form233- FONO.pdf,2,698853
Form233- KINE.pdf,2,720594
Form2330- KINE.pdf,3,964162
Form2331- KINE.pdf,3,986029
Form234- FONO.pdf,2,819861
Form234- KINE.pdf,2,936936
Form235- ENF.pdf,2,762063
Form235- KINE.pdf,2,923397
Form2351- KINE.pdf,3,841719
Form2357- KINE.pdf,3,950686
Form2359- KINE.pdf,3,1023545
Form236- ENF.pdf,2,639322
Form236- FONO.pdf,2,769100
Form236- KINE.pdf,2,984404
Form2368- KINE.pdf,3,824598
Form237- ENF.pdf,2,790320
Form238- ENF.pdf,2,945868
Form238- FONO.pdf,2,684752
Form239- ENF.pdf,2,1010508
Form239- KINE.pdf,2,972632
Form2393- KINE.pdf,3,966118
Form2399- KINE.pdf,3,982839
Form24- FONO.pdf,2,791262
Form24- T.O.pdf,2,803060
Form240- ENF.pdf,2,907055
Form240- FONO.pdf,2,865274
Form241- ENF.pdf,2,696789
Form241- KINE.pdf,2,1013456
Form242- ENF.pdf,2,827512
Form242- FONO.pdf,2,775938
Form242- KINE.pdf,2,990376
Form243- ENF.pdf,2,825933
Form243- FONO.pdf,2,671348
Form243- KINE.pdf,2,975487
Form2432- KINE.pdf,3,954446
Form245- FONO.pdf,2,769262
Form246- ENF.pdf,2,618482
Form246- FONO.pdf,2,696910
Form246- KINE.pdf,2,985578
Form247- KINE.pdf,2,961370
Form248- ENF.pdf,2,864530
Form248- FONO.pdf,2,882093
Form248- KINE.pdf,2,709418
Form2481- KINE.pdf,3,994832
Form249- KINE.pdf,2,640224
Form25- FONO.pdf,2,691958
Form25- KINE.pdf,2,979112
Form25- T.O.pdf,2,676798
Form250- ENF.pdf,2,784003
Form252- ENF.pdf,2,900647
Form252- KINE.pdf,2,868321
Form253- ENF.pdf,2,832900
Form253- KINE.pdf,2,741550
Form254- ENF.pdf,2,647009
Form254- FONO.pdf,2,884147
Form254- KINE.pdf,2,904766
Form255- ENF.pdf,2,1000221
Form255- FONO.pdf,2,846685
Form255- KINE.pdf,2,976795
Form256- FONO.pdf,2,758210
Form256- KINE.pdf,2,761041
Form257- ENF.pdf,2,989549
Form257- FONO.pdf,2,879910
Form2570- KINE.pdf,3,867683
Form2571- KINE.pdf,3,966570
Form258- FONO.pdf,2,677311
Form258- KINE.pdf,2,864800
Form259- ENF.pdf,2,768516
Form259- FONO.pdf,2,808395
Form259- KINE.pdf,2,785335
Form2598- KINE.pdf,3,1026939
Form26- FONO.pdf,2,632454
Form26- T.O.pdf,2,710295
Form260- FONO.pdf,2,820469
Form260- KINE.pdf,2,808486
Form261- ENF.pdf,2,640890
Form261- FONO.pdf,2,937228
Form261- KINE.pdf,2,809364
Form262- FONO.pdf,2,693534
Form262- KINE.pdf,2,788874
Form2620- KINE.pdf,3,944419
Form2624- KINE.pdf,3,951893
Form2625- KINE.pdf,3,974380
Form263- FONO.pdf,2,730578
Form2635- KINE.pdf,3,988632
Form264- ENF.pdf,2,870418
Form264- FONO.pdf,2,908503
Form264- KINE.pdf,2,847757
Form2644- KINE.pdf,3,900644
Form2649- KINE.pdf,3,975267
Form265- ENF.pdf,2,977038
Form265- FONO.pdf,2,953309
Form2652- KINE.pdf,3,955748
Form2655- KINE.pdf,3,995854
Form266- KINE.pdf,2,768440
Form267- ENF.pdf,2,921772
Form267- FONO.pdf,2,668223
Form267- KINE.pdf,2,708524
Form268- ENF.pdf,2,748339
Form268- FONO.pdf,2,875040
Form268- KINE.pdf,2,903480
Form269- ENF.pdf,2,956304
Form269- FONO.pdf,2,839838
Form2692- KINE.pdf,3,941274
Form2697- KINE.pdf,3,969198
Form2699- KINE.pdf,3,964310
Form27- ENF.pdf,2,653983
Form27- FONO.pdf,2,647762
Form27- T.O.pdf,2,772060
Form270- FONO.pdf,2,819976
Form271- ENF.pdf,2,586491
Form271- FONO.pdf,2,827207
Form271- KINE.pdf,2,857796
Form272- FONO.pdf,2,956962
Form273- FONO.pdf,2,901371
Form274- ENF.pdf,2,1021367
Form274- FONO.pdf,2,676361
Form274- KINE.pdf,2,937153
Form2744- KINE.pdf,3,986479
Form275- FONO.pdf,2,791096
Form276- ENF.pdf,2,718423
Form276- KINE.pdf,2,663269
Form2766- KINE.pdf,3,922775
Form2767- KINE.pdf,3,920151
Form277- ENF.pdf,2,646056
Form277- KINE.pdf,2,746134
Form2775- KINE.pdf,3,986870
Form2776- KINE.pdf,3,895510
Form278- ENF.pdf,2,853097
Form278- KINE.pdf,2,804367
Form2781- KINE.pdf,3,1024895
Form2785- KINE.pdf,3,1015881
Form279- ENF.pdf,2,593497
Form279- FONO.pdf,2,886316
Form279- KINE.pdf,2,853034
Form2791- KINE.pdf,3,800820
Form2793- KINE.pdf,3,879789
Form28- FONO.pdf,2,647142
Form28- T.O.pdf,2,585630
Form280- KINE.pdf,2,825259
Form2801- KINE.pdf,3,992526
Form2803- KINE.pdf,3,1014750
Form2807- KINE.pdf,3,902853
Form281- FONO.pdf,2,902919
Form281- KINE.pdf,2,590576
Form2811- KINE.pdf,3,994422
Form2817- KINE.pdf,3,1021421
Form282- ENF.pdf,2,681573
Form282- FONO.pdf,2,811802
Form282- KINE.pdf,2,974215
Form2820- KINE.pdf,3,982070
Form2825- KINE.pdf,3,983774
Form283- ENF.pdf,2,873651
Form283- FONO.pdf,2,938668
Form283- KINE.pdf,2,723494
Form2836- KINE.pdf,3,827912
Form284- ENF.pdf,2,568659
Form284- FONO.pdf,2,868868
Form284- KINE.pdf,2,721579
Form2840- KINE.pdf,3,827785
Form2841- KINE.pdf,3,888164
Form2842- KINE.pdf,3,977734
Form285- KINE.pdf,2,717425
Form2857- KINE.pdf,3,731089
Form287- KINE.pdf,2,836183
Form288- KINE.pdf,2,946166
Form2889- KINE.pdf,3,830741
Form289- ENF.pdf,2,812447
Form289- FONO.pdf,2,722317
Form289- KINE.pdf,2,627496
Form2898- KINE.pdf,3,956755
Form29- FONO.pdf,2,812339
Form29- KINE.pdf,2,924611
Form29- T.O.pdf,2,849538
Form290- ENF.pdf,2,945021
Form291- ENF.pdf,2,775469
Form291- FONO.pdf,2,1026881
Form291- KINE.pdf,2,949236
Form2910- KINE.pdf,3,1006802
Form292- ENF.pdf,2,650053
Form292- KINE.pdf,2,781036
Form293- ENF.pdf,2,867515
Form293- KINE.pdf,2,880478
Form294- ENF.pdf,2,637765
Form294- FONO.pdf,2,626521
Form294- KINE.pdf,2,768197
Form2942- KINE.pdf,3,997596
Form295- ENF.pdf,2,841422
Form295- KINE.pdf,2,957398
Form296- ENF.pdf,2,783166
Form296- KINE.pdf,2,956390
Form297- ENF.pdf,2,592497
Form297- KINE.pdf,2,934936
Form298- KINE.pdf,2,1025728
Form2984- KINE.pdf,3,967411
Form299- KINE.pdf,2,653504
Form2997- KINE.pdf,3,997085
Form2999- KINE.pdf,3,1015926
Form3- ECG.pdf,2,1224523
Form3- ENF.pdf,2,913240
Form30- KINE.pdf,2,955615
Form30- T.O.pdf,2,693115
Form300- KINE.pdf,2,733448
Form301- KINE.pdf,2,652278
Form3016- KINE.pdf,3,995840
Form303- KINE.pdf,2,755292
Form3034- KINE.pdf,3,999780
Form304- KINE.pdf,2,894131
Form3040- KINE.pdf,3,999768
Form305- KINE.pdf,2,937032
Form3054- KINE.pdf,3,842771
Form306- KINE.pdf,2,895507
Form307- KINE.pdf,2,596189
Form3077- KINE.pdf,3,903056
Form308- KINE.pdf,2,871836
Form3082- KINE.pdf,3,969853
Form3089- KINE.pdf,3,955944
Form309- KINE.pdf,2,710315
Form31- FONO.pdf,2,912668
Form31- KINE.pdf,2,924710
Form310- FONO.pdf,3,1005298
Form310- KINE.pdf,2,706993
Form3106- KINE.pdf,3,1018492
Form3107- KINE.pdf,3,840583
Form3108- KINE.pdf,3,1021990
Form311- KINE.pdf,2,825850
Form312- KINE.pdf,2,643799
Form3126- KINE.pdf,3,992355
Form3138- KINE.pdf,3,1014520
Form3141- KINE.pdf,3,989787
Form316- KINE.pdf,2,905464
Form3165- KINE.pdf,3,978555
Form3167- KINE.pdf,3,1013177
Form3168- KINE.pdf,3,998338
Form3179- KINE.pdf,3,986555
Form318- KINE.pdf,2,947163
Form3181- KINE.pdf,3,928730
Form3182- KINE.pdf,3,991845
Form319- FONO.pdf,3,907598
Form319- KINE.pdf,2,802619
Form32- FONO.pdf,2,789446
Form32- T.O.pdf,2,791538
Form320- FONO.pdf,3,908761
Form320- KINE.pdf,2,764238
Form321- KINE.pdf,2,816866
Form322- KINE.pdf,2,794837
Form323- KINE.pdf,2,729823
Form3232- KINE.pdf,3,696426
Form3243- KINE.pdf,3,1003312
Form3244- KINE.pdf,3,950321
Form3250- KINE.pdf,3,933735
Form326- FONO.pdf,3,831726
Form326- KINE.pdf,2,745441
Form3267- KINE.pdf,3,884150
Form327- KINE.pdf,2,756470
Form328- KINE.pdf,2,825442
Form328- MED.pdf,2,1088033
Form3280- KINE.pdf,3,874373
Form3282- KINE.pdf,3,984067
Form3285- KINE.pdf,3,889034
Form3286- KINE.pdf,3,911487
Form329- KINE.pdf,2,878964
Form329- MED.pdf,2,1097559
Form3292- KINE.pdf,3,757407
Form33- FONO.pdf,2,713558
Form33- KINE.pdf,2,917282
Form33- T.O.pdf,2,925502
Form330- MED.pdf,2,1152575
Form3302- KINE.pdf,3,869626
Form331- FONO.pdf,3,810279
Form331- MED.pdf,2,1088838
Form332- MED.pdf,2,1246364
Form335- KINE.pdf,2,813442
Form3350- KINE.pdf,3,975799
Form3369- KINE.pdf,3,972424
Form337- KINE.pdf,2,934478
Form3389- KINE.pdf,3,968644
Form339- KINE.pdf,2,777429
Form34- KINE.pdf,2,889811
Form340- KINE.pdf,2,827711
Form3406- KINE.pdf,3,1005373
Form341- KINE.pdf,2,955168
Form3414- KINE.pdf,3,979486
Form3419- KINE.pdf,3,975292
Form342- KINE.pdf,2,869751
Form3424- KINE.pdf,3,1003568
Form3432- KINE.pdf,3,960498
Form3434- KINE.pdf,3,890388
Form3451- KINE.pdf,3,1017287
Form3457- KINE.pdf,3,889335
Form346- MED.pdf,2,1086273
Form3468- KINE.pdf,3,998751
Form347- KINE.pdf,2,801911
Form347- MED.pdf,2,1085669
Form348- KINE.pdf,2,820226
Form348- MED.pdf,2,1091789
Form3480- KINE.pdf,3,979105
Form3483- KINE.pdf,3,1017769
Form3485- KINE.pdf,3,922686
Form3488- KINE.pdf,3,935833
Form349- KINE.pdf,2,853458
Form349- MED.pdf,2,1104819
Form35- KINE.pdf,2,986131
Form35- T.O.pdf,2,930249
Form350- KINE.pdf,2,742290
Form350- MED.pdf,2,1091533
Form351- KINE.pdf,2,781658
Form351- MED.pdf,2,1149765
Form352- KINE.pdf,2,882804
Form352- MED.pdf,2,1079383
Form353- KINE.pdf,2,955191
Form353- MED.pdf,2,1138987
Form354- KINE.pdf,2,1015423
Form354- MED.pdf,2,1141617
Form3540- KINE.pdf,3,1001374
Form357- KINE.pdf,2,745735
Form358- KINE.pdf,2,1013980
Form359- KINE.pdf,2,924427
Form36- FONO.pdf,2,862572
Form36- KINE.pdf,2,919562
Form361- KINE.pdf,2,968865
Form362- KINE.pdf,2,659005
Form363- KINE.pdf,2,806638
Form365- KINE.pdf,2,976542
Form366- KINE.pdf,2,940898
Form367- KINE.pdf,2,907487
Form368- KINE.pdf,2,788851
Form369- KINE.pdf,2,767052
Form37- FONO.pdf,2,902271
Form37- KINE.pdf,2,809691
Form37- MED.pdf,1,560740
Form370- KINE.pdf,2,685136
Form371- KINE.pdf,2,643792
Form372- KINE.pdf,2,630583
Form373- KINE.pdf,2,693731
Form374- KINE.pdf,2,831712
Form375- KINE.pdf,2,844664
Form376- ENF.pdf,3,988348
Form376- KINE.pdf,2,766290
Form377- KINE.pdf,2,804251
Form379- KINE.pdf,2,921408
Form38- FONO.pdf,2,744461
Form38- KINE.pdf,2,1021045
Form38- MED.pdf,2,604653
Form38- T.O.pdf,2,691773
Form380- KINE.pdf,2,939026
Form383- KINE.pdf,2,787856
Form384- KINE.pdf,2,733309
Form385- KINE.pdf,2,709755
Form386- KINE.pdf,2,649910
Form387- KINE.pdf,2,701868
Form388- KINE.pdf,2,758206
Form39- ENF.pdf,2,620618
Form39- KINE.pdf,2,781771
Form39- T.O.pdf,2,855772
Form391- KINE.pdf,2,800208
Form392- KINE.pdf,2,688911
Form393- KINE.pdf,2,681823
Form395- KINE.pdf,2,855554
Form396- KINE.pdf,2,893437
Form397- KINE.pdf,2,901734
Form398- KINE.pdf,2,872913
Form399- KINE.pdf,2,787972
Form4- ECG.pdf,2,1298270
Form40- FONO.pdf,2,884573
Form40- T.O.pdf,2,912530
Form400- KINE.pdf,2,768805
Form401- KINE.pdf,2,716716
Form402- KINE.pdf,2,624431
Form403- KINE.pdf,2,965109
Form404- ENF.pdf,3,1001804
Form406- KINE.pdf,2,849072
Form409- KINE.pdf,2,721955
Form41- FONO.pdf,2,892343
Form41- T.O.pdf,2,704533
Form410- KINE.pdf,2,831903
Form411- KINE.pdf,2,634235
Form412- KINE.pdf,2,661658
Form413- KINE.pdf,2,752134
Form414- KINE.pdf,2,882749
Form416- KINE.pdf,2,711149
Form417- KINE.pdf,2,783469
Form418- KINE.pdf,2,1008324
Form42- FONO.pdf,2,833966
Form42- KINE.pdf,2,973261
Form42- T.O.pdf,2,880917
Form420- KINE.pdf,2,921100
Form421- KINE.pdf,2,851897
Form422- KINE.pdf,2,852338
Form428- KINE.pdf,2,1011477
Form429- KINE.pdf,2,1024922
Form43- T.O.pdf,2,905995
Form430- KINE.pdf,2,848506
Form431- KINE.pdf,2,851867
Form433- KINE.pdf,2,670135
Form44- T.O.pdf,2,821895
Form440- KINE.pdf,2,876124
Form441- KINE.pdf,2,874012
Form442- KINE.pdf,2,895945
Form443- KINE.pdf,2,877710
Form444- KINE.pdf,2,863226
Form446- KINE.pdf,2,751317
Form447- KINE.pdf,2,786064
Form448- KINE.pdf,2,837939
Form449- KINE.pdf,2,758794
Form45- ENF.pdf,2,943215
Form45- FONO.pdf,2,593249
Form45- T.O.pdf,2,686172
Form450- KINE.pdf,2,951680
Form451- KINE.pdf,2,854133
Form454- ENF.pdf,3,1010425
Form455- KINE.pdf,2,633566
Form456- KINE.pdf,2,634263
Form457- KINE.pdf,2,1001875
Form46- FONO.pdf,2,739985
Form46- T.O.pdf,2,955184
Form460- MED.pdf,2,706492
Form461- KINE.pdf,2,793120
Form463- KINE.pdf,2,878220
Form464- KINE.pdf,2,896137
Form466- KINE.pdf,2,580175
Form467- KINE.pdf,2,802328
Form469- KINE.pdf,2,874292
Form47- FONO.pdf,2,882031
Form47- KINE.pdf,1,673858
Form470- KINE.pdf,2,791611
Form472- KINE.pdf,2,838784
Form475- KINE.pdf,2,874239
Form476- KINE.pdf,2,842138
Form479- KINE.pdf,2,654687
Form48- CUI.pdf,2,956623
Form48- KINE.pdf,2,896279
Form48- T.O.pdf,2,872975
Form480- KINE.pdf,2,654687
Form481- KINE.pdf,2,654687
Form484- KINE.pdf,2,628921
Form487- KINE.pdf,2,851709
Form488- KINE.pdf,2,884891
Form49- FONO.pdf,2,764724
Form49- KINE.pdf,2,802791
Form490- KINE.pdf,2,868707
Form492- KINE.pdf,2,887654
Form493- KINE.pdf,2,774680
Form494- KINE.pdf,2,794605
Form496- KINE.pdf,2,954872
Form497- KINE.pdf,2,834305
Form498- KINE.pdf,2,825333
Form5- ECG.pdf,2,1258419
Form5- FONO.pdf,2,862072
Form5- T.O.pdf,2,941245
Form501- KINE.pdf,2,796496
Form503- KINE.pdf,2,913310
Form504- KINE.pdf,2,610885
Form507- KINE.pdf,2,973360
Form508- KINE.pdf,2,968963
Form509- KINE.pdf,2,805306
Form51- FONO.pdf,2,888273
Form51- T.O.pdf,2,898459
Form510- KINE.pdf,2,871343
Form511- KINE.pdf,2,689191
Form512- KINE.pdf,2,730051
Form513- KINE.pdf,2,744586
Form514- KINE.pdf,2,708179
Form515- KINE.pdf,2,620729
Form516- KINE.pdf,2,865516
Form518- KINE.pdf,2,825685
Form52- FONO.pdf,2,843900
Form52- T.O.pdf,2,621146
Form527- MED.pdf,2,934193
Form529- KINE.pdf,2,897196
Form53- FONO.pdf,2,905523
Form531- ENF.pdf,3,1013527
Form533- KINE.pdf,2,805564
Form538- KINE.pdf,2,822547
Form54- CUI.pdf,2,969804
Form54- FONO.pdf,2,856544
Form54- KINE.pdf,2,605465
Form544- KINE.pdf,2,791351
Form545- KINE.pdf,2,653544
Form548- KINE.pdf,2,911036
Form55- FONO.pdf,2,654314
Form55- KINE.pdf,2,824782
Form551- MED.pdf,2,1084512
Form552- KINE.pdf,2,811762
Form553- KINE.pdf,2,851839
Form553- MED.pdf,2,977622
Form555- MED.pdf,2,1063101
Form556- MED.pdf,2,1079108
Form56- FONO.pdf,2,915452
Form56- KINE.pdf,2,969658
Form56- T.O.pdf,2,666166
Form57- CUI.pdf,2,983927
Form57- FONO.pdf,2,872905
Form57- KINE.pdf,2,841613
Form572- KINE.pdf,2,622611
Form573- KINE.pdf,2,890923
Form58- FONO.pdf,2,863940
Form585- KINE.pdf,2,759066
Form586- KINE.pdf,2,600763
Form586- MED.pdf,2,926419
Form587- MED.pdf,2,906969
Form588- MED.pdf,2,924905
Form589- MED.pdf,2,937774
Form59- FONO.pdf,2,863177
Form590- MED.pdf,2,911684
Form594- KINE.pdf,2,769084
Form595- KINE.pdf,2,590827
Form6- ECG.pdf,2,1275846
Form6- FONO.pdf,2,807559
Form6- KINE.pdf,2,776457
Form6- T.O.pdf,2,770266
Form60- ENF.pdf,2,690627
Form60- FONO.pdf,2,866860
Form605- KINE.pdf,2,598104
Form61- FONO.pdf,2,625667
Form61- PEDIA.pdf,2,748388
Form62- FONO.pdf,2,581363
Form62- KINE.pdf,2,816277
Form62- T.O.pdf,2,649152
Form624- ENF.pdf,3,947401
Form625- ENF.pdf,3,1003611
Form638- MED.pdf,2,947556
Form64- PEDIA.pdf,1,543406
Form641- KINE.pdf,2,909100
Form642- ENF.pdf,3,959028
Form65- KINE.pdf,2,793217
Form65- PEDIA.pdf,1,660501
Form656- KINE.pdf,2,999096
Form657- KINE.pdf,2,656994
Form658- KINE.pdf,2,794551
Form659- KINE.pdf,2,648983
Form66- KINE.pdf,2,690615
Form67- KINE.pdf,2,974879
Form68- ENF.pdf,2,918963
Form68- FONO.pdf,2,609155
Form68- KINE.pdf,2,904816
Form680- KINE.pdf,2,742548
Form681- KINE.pdf,2,836402
Form682- KINE.pdf,2,636363
Form684- ENF.pdf,3,1020422
Form684- KINE.pdf,2,880418
Form685- KINE.pdf,2,647551
Form686- KINE.pdf,2,875228
Form69- KINE.pdf,2,853412
Form690- KINE.pdf,2,787638
Form691- KINE.pdf,2,851981
Form693- KINE.pdf,2,707001
Form694- KINE.pdf,2,683335
Form7- ECG.pdf,2,1221186
Form7- FONO.pdf,2,849831
Form7- T.O.pdf,2,982452
Form70- KINE.pdf,2,946394
Form701- KINE.pdf,2,875016
Form702- KINE.pdf,2,721355
Form707- KINE.pdf,2,885873
Form708- KINE.pdf,2,913204
Form709- KINE.pdf,2,835890
Form71- KINE.pdf,2,785946
Form71- T.O.pdf,2,917638
Form710- KINE.pdf,2,662882
Form711- KINE.pdf,2,855520
Form713- KINE.pdf,2,901643
Form714- KINE.pdf,2,900160
Form715- KINE.pdf,2,901915
Form716- KINE.pdf,2,909038
Form717- KINE.pdf,2,652255
Form718- KINE.pdf,2,827988
Form719- KINE.pdf,2,815828
Form72- KINE.pdf,2,653680
Form72- T.O.pdf,2,659072
Form724- KINE.pdf,2,698280
Form725- KINE.pdf,2,944165
Form726- KINE.pdf,2,864588
Form727- KINE.pdf,2,811013
Form728- KINE.pdf,2,709417
Form73- T.O.pdf,2,903045
Form731- KINE.pdf,2,681059
Form732- KINE.pdf,2,593853
Form738- KINE.pdf,2,815227
Form739- ENF.pdf,3,971833
Form739- KINE.pdf,2,870014
Form74- FONO.pdf,2,983764
Form740- KINE.pdf,2,859765
Form742- KINE.pdf,2,628914
Form743- ENF.pdf,3,1019509
Form749- ENF.pdf,3,1017056
Form75- ENF.pdf,2,920668
Form757- KINE.pdf,2,959134
Form758- ENF.pdf,3,939645
Form76- ENF.pdf,2,570804
Form77- FONO.pdf,2,932068
Form77- KINE.pdf,2,749729
Form770- KINE.pdf,2,881752
Form772- KINE.pdf,2,658435
Form774- KINE.pdf,2,869030
Form776- KINE.pdf,2,648857
Form778- KINE.pdf,2,750822
Form779- KINE.pdf,2,735129
Form78- KINE.pdf,2,810817
Form781- KINE.pdf,2,683595
Form782- KINE.pdf,2,874761
Form783- KINE.pdf,2,682109
Form784- KINE.pdf,2,792891
Form788- KINE.pdf,2,926558
Form789- KINE.pdf,2,839820
Form790- KINE.pdf,2,745954
Form791- KINE.pdf,2,719385
Form792- KINE.pdf,2,961814
Form798- ENF.pdf,3,982529
Form8- ECG.pdf,2,1362895
Form8- FONO.pdf,2,940985
Form8- T.O.pdf,2,819264
Form801- ENF.pdf,3,1010255
Form814- KINE.pdf,2,544980
Form820- KINE.pdf,2,530329
Form822- KINE.pdf,2,786051
Form825- KINE.pdf,2,732403
Form826- KINE.pdf,2,738899
Form827- KINE.pdf,2,567110
Form829- KINE.pdf,2,734843
Form83- KINE.pdf,2,899751
Form830- KINE.pdf,2,734843
Form832- KINE.pdf,2,741425
Form839- KINE.pdf,2,983600
Form839- MED.pdf,2,1360416
Form84- KINE.pdf,1,855197
Form840- KINE.pdf,2,977447
Form841- KINE.pdf,2,749839
Form844- KINE.pdf,2,736500
Form845- KINE.pdf,2,958877
Form846- KINE.pdf,2,667237
Form848- KINE.pdf,2,701244
Form851- KINE.pdf,2,1026222
Form852- KINE.pdf,2,787178
Form853- KINE.pdf,2,869467
Form856- KINE.pdf,2,804183
Form857- ENF.pdf,3,989094
Form857- KINE.pdf,2,728738
Form858- KINE.pdf,2,858585
Form86- FONO.pdf,2,792543
Form861- KINE.pdf,2,633704
Form862- KINE.pdf,2,775382
Form865- KINE.pdf,2,984202
Form866- KINE.pdf,2,844176
Form868- ENF.pdf,3,969991
Form868- KINE.pdf,2,769623
Form869- KINE.pdf,2,900335
Form87- ENF.pdf,2,637172
Form87- KINE.pdf,2,725554
Form872- ENF.pdf,3,944022
Form88- CUI.pdf,2,958762
Form88- FONO.pdf,2,749905
Form88- T.O.pdf,2,633866
Form881- KINE.pdf,2,664547
Form885- KINE.pdf,2,828281
Form887- KINE.pdf,2,667036
Form888- KINE.pdf,2,1019605
Form889- KINE.pdf,2,960870
Form89- KINE.pdf,2,1015364
Form89- T.O.pdf,2,916890
Form892- KINE.pdf,2,787424
Form894- KINE.pdf,2,845638
Form9- ECG.pdf,1,504392
Form9- FONO.pdf,2,998308
Form9- T.O.pdf,2,676726
Form90- KINE.pdf,2,809772
Form90- T.O.pdf,2,831658
Form901- KINE.pdf,2,738645
Form902- KINE.pdf,2,888602
Form903- KINE.pdf,2,864506
Form904- KINE.pdf,2,992130
Form91- ENF.pdf,2,936018
Form91- FONO.pdf,2,829583
Form91- KINE.pdf,2,970969
Form910- KINE.pdf,2,662127
Form911- KINE.pdf,2,875012
Form914- KINE.pdf,2,855203
Form915- KINE.pdf,2,1018344
Form916- KINE.pdf,2,743884
Form917- KINE.pdf,2,830125
Form918- KINE.pdf,2,958328
Form919- KINE.pdf,2,990635
Form92- KINE.pdf,2,942078
Form92- T.O.pdf,2,961436
Form920- KINE.pdf,2,760153
Form922- KINE.pdf,2,861228
Form923- KINE.pdf,2,940955
Form924- KINE.pdf,2,699518
Form925- KINE.pdf,2,699518
Form928- KINE.pdf,2,821488
Form93- CUI.pdf,2,959655
Form93- KINE.pdf,2,761425
Form93- T.O.pdf,2,887419
Form932- KINE.pdf,2,810120
Form934- KINE.pdf,2,684336
Form935- KINE.pdf,2,940183
Form938- KINE.pdf,2,777583
Form939- KINE.pdf,2,830405
Form94- KINE.pdf,2,906692
Form94- T.O.pdf,2,881368
Form940- KINE.pdf,2,828927
Form941- KINE.pdf,2,800725
Form942- ENF.pdf,3,988853
Form942- KINE.pdf,2,706115
Form949- KINE.pdf,2,881114
Form95- CUI.pdf,2,994210
Form95- KINE.pdf,2,742766
Form950- KINE.pdf,2,817303
Form951- KINE.pdf,2,735181
Form954- KINE.pdf,2,660612
Form955- KINE.pdf,2,819272
Form956- KINE.pdf,2,770888
Form957- KINE.pdf,2,794508
Form959- KINE.pdf,2,742497
Form96- ENF.pdf,2,991588
Form96- FONO.pdf,2,770300
Form96- KINE.pdf,2,942883
Form960- KINE.pdf,2,902402
Form961- KINE.pdf,2,940690
Form962- KINE.pdf,2,706385
Form963- KINE.pdf,2,706385
Form964- KINE.pdf,2,789543
Form968- KINE.pdf,2,703681
Form969- KINE.pdf,2,746408
Form970- KINE.pdf,2,772661
Form976- KINE.pdf,2,830614
Form977- KINE.pdf,2,837155
Form979- KINE.pdf,2,829928
Form98- KINE.pdf,2,660902
Form981- KINE.pdf,2,802020
Form982- KINE.pdf,2,976254
Form983- KINE.pdf,2,856598
Form984- KINE.pdf,2,851225
Form985- KINE.pdf,2,759340
Form986- KINE.pdf,2,823185
Form989- KINE.pdf,2,874409
Form99- ENF.pdf,2,1023790
Form990- KINE.pdf,2,968301
Form991- KINE.pdf,2,902229
Form992- KINE.pdf,2,965940
Form995- KINE.pdf,2,870195
Form996- KINE.pdf,2,710173
Form997- KINE.pdf,2,763211
Form998- KINE.pdf,2,747678
Form999- KINE.pdf,2,874123
FormX1 - MED.pdf,2,762193
FormX10 - MED.pdf,2,552381
FormX11 - MED.pdf,2,681474
FormX12 - MED.pdf,2,488151
FormX13 - MED.pdf,2,564726
FormX14 - MED.pdf,2,603032
FormX15 - MED.pdf,2,117872
FormX16 - MED.pdf,2,466208
FormX17 - MED.pdf,2,179324
FormX18 - MED.pdf,2,179345
FormX19 - MED.pdf,2,716177
FormX2 - MED.pdf,2,524604
FormX20 - MED.pdf,2,657171
FormX21 - MED.pdf,2,667316
FormX22 - MED.pdf,2,165276
FormX23 - MED.pdf,2,786274
FormX24 - MED.pdf,2,711878
FormX25 - MED.pdf,1,706964
FormX26 - MED.pdf,2,175599
FormX27 - MED.pdf,2,174050
FormX28 - MED.pdf,2,653338
FormX29 - MED.pdf,2,653334
FormX3 - MED.pdf,2,457926
FormX30 - MED.pdf,2,1013800
FormX31 - MED.pdf,2,110962
FormX32 - MED.pdf,2,106687
FormX33 - MED.pdf,2,1237084
FormX34 - MED.pdf,2,111355
FormX35 - MED.pdf,2,108780
FormX36 - MED.pdf,1,104382
FormX37 - MED.pdf,2,541527
FormX38 - MED.pdf,2,597130
FormX39 - MED.pdf,2,588318
FormX4 - MED.pdf,2,695539
FormX40 - MED.pdf,2,615105
FormX41 - MED.pdf,2,636085
FormX42 - MED.pdf,2,558549
FormX43 - MED.pdf,2,682622
FormX44 - MED.pdf,2,567598
FormX45 - MED.pdf,2,667864
FormX46 - MED.pdf,2,551362
FormX47 - MED.pdf,2,651076
FormX48 - MED.pdf,2,629130
FormX49 - MED.pdf,2,651892
FormX5 - MED.pdf,2,692264
FormX50 - MED.pdf,2,733397
FormX51 - MED.pdf,2,788450
FormX52 - MED.pdf,2,609375
FormX53 - MED.pdf,2,569156
FormX54 - MED.pdf,2,612014
FormX55 - MED.pdf,2,646873
FormX56 - MED.pdf,2,606043
FormX57 - MED.pdf,2,660656
FormX58 - MED.pdf,2,706357
FormX59 - MED.pdf,2,763135
FormX6 - MED.pdf,2,637578
FormX60 - MED.pdf,2,770896
FormX61 - MED.pdf,2,487737
FormX62 - MED.pdf,2,729622
FormX63 - MED.pdf,2,767325
FormX64 - MED.pdf,2,702677
FormX65 - MED.pdf,2,544402
FormX66 - MED.pdf,2,697775
FormX67 - MED.pdf,2,692186
FormX68 - MED.pdf,2,778853
FormX69 - MED.pdf,2,484152
FormX7 - MED.pdf,2,694558
FormX70 - MED.pdf,2,703628
FormX71 - MED.pdf,2,697145
FormX72 - MED.pdf,2,592138
FormX73 - MED.pdf,2,508780
FormX74 - MED.pdf,2,601969
FormX75 - MED.pdf,2,701705
FormX76 - MED.pdf,2,743563
FormX77 - MED.pdf,2,467394
FormX78 - MED.pdf,2,679018
FormX8 - MED.pdf,2,521930
FormX9 - MED.pdf,2,683522
