File Name,File Size (MB),Folder Name
Form1004- ENF_page_5.pdf,1.4340944290161133,signos_vitales
Form1007- ENF_page_5.pdf,1.4464540481567383,signos_vitales
Form1008- ENF_page_3.pdf,1.4464540481567383,signos_vitales
Form1021- ENF_page_4.pdf,1.4464540481567383,signos_vitales
Form1024- ENF_page_2.pdf,1.4340944290161133,signos_vitales
Form1025- ENF_page_2.pdf,1.4340944290161133,signos_vitales
Form1041- ENF_page_4.pdf,1.4464540481567383,signos_vitales
Form1042- ENF_page_4.pdf,1.4464540481567383,signos_vitales
Form1043- ENF_page_5.pdf,1.4464540481567383,signos_vitales
Form1047- ENF_page_2.pdf,1.4340944290161133,signos_vitales
Form1049- ENF_page_2.pdf,1.4340944290161133,signos_vitales
Form1050- ENF_page_2.pdf,5.937355995178223,signos_vitales
Form1051- ENF_page_2.pdf,1.4340944290161133,signos_vitales
Form1055- ENF_page_2.pdf,1.4464540481567383,signos_vitales
Form1060- ENF_page_5.pdf,1.4464540481567383,signos_vitales
Form1061- ENF_page_2.pdf,5.27144718170166,signos_vitales
Form1062- ENF_page_2.pdf,8.086007118225098,signos_vitales
Form1063- ENF_page_5.pdf,1.4365034103393555,signos_vitales
Form1065- ENF_page_5.pdf,1.271937370300293,signos_vitales
Form1069- ENF_page_2.pdf,1.4464540481567383,signos_vitales
Form1073- ENF_page_5.pdf,1.4464540481567383,signos_vitales
Form1074- ENF_page_4.pdf,1.4365034103393555,signos_vitales
Form1075- ENF_page_5.pdf,1.4464540481567383,signos_vitales
Form1076- ENF_page_2.pdf,1.4464540481567383,signos_vitales
Form1077- ENF_page_2.pdf,1.4464540481567383,signos_vitales
Form1078- ENF_page_4.pdf,1.4464540481567383,signos_vitales
Form1080- ENF_page_2.pdf,1.4340944290161133,signos_vitales
Form1081- ENF_page_2.pdf,1.4340944290161133,signos_vitales
Form1082- ENF_page_2.pdf,1.3546552658081055,signos_vitales
Form1083- ENF_page_2.pdf,1.4340944290161133,signos_vitales
Form1086- ENF_page_5.pdf,1.4340944290161133,signos_vitales
Form1087- ENF_page_4.pdf,5.951592445373535,signos_vitales
Form1088- ENF_page_3.pdf,1.4340944290161133,signos_vitales
Form1089- ENF_page_2.pdf,1.4340944290161133,signos_vitales
Form1091- ENF_page_4.pdf,1.4340944290161133,signos_vitales
Form1092- ENF_page_2.pdf,6.530154228210449,signos_vitales
Form1093- ENF_page_5.pdf,1.4464540481567383,signos_vitales
Form1094- ENF_page_4.pdf,1.4464540481567383,signos_vitales
Form1097- ENF_page_4.pdf,1.4464540481567383,signos_vitales
Form1098- ENF_page_5.pdf,1.4340944290161133,signos_vitales
Form1099- ENF_page_5.pdf,1.4464540481567383,signos_vitales
Form1101- ENF_page_2.pdf,6.464120864868164,signos_vitales
Form1102- ENF_page_5.pdf,1.4340944290161133,signos_vitales
Form1103- ENF_page_4.pdf,1.4340944290161133,signos_vitales
Form1106- ENF_page_5.pdf,1.4464540481567383,signos_vitales
Form1107- ENF_page_2.pdf,1.4464540481567383,signos_vitales
Form1109- ENF_page_5.pdf,1.4464540481567383,signos_vitales
Form1110- ENF_page_5.pdf,1.4464540481567383,signos_vitales
Form1111- ENF_page_4.pdf,1.4464540481567383,signos_vitales
Form1113- ENF_page_5.pdf,1.4464540481567383,signos_vitales
Form1115- ENF_page_5.pdf,1.4464540481567383,signos_vitales
Form1116- ENF_page_2.pdf,1.4340944290161133,signos_vitales
Form1119- ENF_page_2.pdf,6.530154228210449,signos_vitales
Form1122- ENF_page_4.pdf,1.4464540481567383,signos_vitales
Form1129- ENF_page_5.pdf,1.4464540481567383,signos_vitales
Form1133- ENF_page_5.pdf,1.4464540481567383,signos_vitales
Form1134- ENF_page_2.pdf,1.4464540481567383,signos_vitales
Form1135- ENF_page_5.pdf,1.4340944290161133,signos_vitales
Form1136- ENF_page_2.pdf,6.530154228210449,signos_vitales
Form1138- ENF_page_4.pdf,1.4464540481567383,signos_vitales
Form1140- ENF_page_4.pdf,1.4464540481567383,signos_vitales
Form1141- ENF_page_2.pdf,1.4464540481567383,signos_vitales
Form1142- ENF_page_2.pdf,1.4464540481567383,signos_vitales
Form1143- ENF_page_2.pdf,5.44356632232666,signos_vitales
Form1147- ENF_page_5.pdf,1.4340944290161133,signos_vitales
Form1150- ENF_page_4.pdf,1.4340944290161133,signos_vitales
Form1159- ENF_page_2.pdf,6.17067813873291,signos_vitales
Form1160- ENF_page_5.pdf,1.271937370300293,signos_vitales
Form1163- ENF_page_5.pdf,1.4340944290161133,signos_vitales
Form1165- ENF_page_5.pdf,1.4464540481567383,signos_vitales
Form1167- ENF_page_5.pdf,1.4464540481567383,signos_vitales
Form1170- ENF_page_4.pdf,1.4464540481567383,signos_vitales
Form1172- ENF_page_5.pdf,1.4464540481567383,signos_vitales
Form1175- ENF_page_4.pdf,1.4464540481567383,signos_vitales
Form1176- ENF_page_2.pdf,1.4340944290161133,signos_vitales
Form1179- ENF_page_2.pdf,1.4464540481567383,signos_vitales
Form1180- ENF_page_2.pdf,1.4464540481567383,signos_vitales
Form1182- ENF_page_2.pdf,6.28768253326416,signos_vitales
Form1186- ENF_page_5.pdf,1.4464540481567383,signos_vitales
Form1189- ENF_page_5.pdf,1.4464540481567383,signos_vitales
Form1191- ENF_page_5.pdf,1.4340944290161133,signos_vitales
Form1193- ENF_page_5.pdf,1.4464540481567383,signos_vitales
Form1194- ENF_page_5.pdf,1.4464540481567383,signos_vitales
Form1195- ENF_page_4.pdf,1.4464540481567383,signos_vitales
Form1196- ENF_page_5.pdf,1.4464540481567383,signos_vitales
Form1198- ENF_page_4.pdf,1.4464540481567383,signos_vitales
Form1199- ENF_page_5.pdf,1.4464540481567383,signos_vitales
Form1203- ENF_page_4.pdf,1.4340944290161133,signos_vitales
Form1207- ENF_page_4.pdf,1.4340944290161133,signos_vitales
Form1213- ENF_page_4.pdf,1.4340944290161133,signos_vitales
Form1214- ENF_page_4.pdf,6.530154228210449,signos_vitales
Form1215- ENF_page_4.pdf,1.4340944290161133,signos_vitales
Form1220- ENF_page_4.pdf,1.4464540481567383,signos_vitales
Form1222- ENF_page_4.pdf,1.4340944290161133,signos_vitales
Form1224- ENF_page_4.pdf,1.4340944290161133,signos_vitales
Form1225- ENF_page_4.pdf,1.4340944290161133,signos_vitales
Form1226- ENF_page_4.pdf,1.4340944290161133,signos_vitales
Form1228- ENF_page_4.pdf,1.4340944290161133,signos_vitales
Form1229- ENF_page_4.pdf,1.4340944290161133,signos_vitales
Form1230- ENF_page_2.pdf,6.530154228210449,signos_vitales
Form1232- ENF_page_4.pdf,6.530154228210449,signos_vitales
Form1233- ENF_page_4.pdf,1.4340944290161133,signos_vitales
Form1235- ENF_page_2.pdf,1.4464540481567383,signos_vitales
Form1236- ENF_page_2.pdf,1.4464540481567383,signos_vitales
Form1237- ENF_page_2.pdf,6.147469520568848,signos_vitales
Form1238- ENF_page_2.pdf,1.4340944290161133,signos_vitales
Form1239- ENF_page_5.pdf,1.4464540481567383,signos_vitales
Form1240- ENF_page_5.pdf,1.4464540481567383,signos_vitales
Form1241- ENF_page_5.pdf,1.4464540481567383,signos_vitales
Form1242- ENF_page_2.pdf,1.4340944290161133,signos_vitales
Form1243- ENF_page_5.pdf,1.4340944290161133,signos_vitales
Form1244- ENF_page_5.pdf,1.4464540481567383,signos_vitales
Form1247- ENF_page_5.pdf,1.4464540481567383,signos_vitales
Form1248- ENF_page_5.pdf,1.4464540481567383,signos_vitales
Form1249- ENF_page_4.pdf,1.4464540481567383,signos_vitales
Form1254- ENF_page_4.pdf,1.4464540481567383,signos_vitales
Form1255- ENF_page_4.pdf,1.4464540481567383,signos_vitales
Form1256- ENF_page_2.pdf,1.4340944290161133,signos_vitales
Form1259- ENF_page_5.pdf,1.4464540481567383,signos_vitales
Form1260- ENF_page_5.pdf,1.4464540481567383,signos_vitales
Form1261- ENF_page_5.pdf,1.4464540481567383,signos_vitales
Form1262- ENF_page_2.pdf,1.4340944290161133,signos_vitales
Form1263- ENF_page_5.pdf,1.4340944290161133,signos_vitales
Form1264- ENF_page_5.pdf,1.4464540481567383,signos_vitales
Form1265- ENF_page_5.pdf,1.4464540481567383,signos_vitales
Form1266- ENF_page_5.pdf,1.4464540481567383,signos_vitales
Form1267- ENF_page_5.pdf,1.4464540481567383,signos_vitales
Form1268- ENF_page_5.pdf,1.4464530944824219,signos_vitales
Form1269- ENF_page_4.pdf,1.4464540481567383,signos_vitales
Form1274- ENF_page_4.pdf,1.4464540481567383,signos_vitales
Form1278- ENF_page_4.pdf,1.4340944290161133,signos_vitales
Form1280- ENF_page_4.pdf,1.4340944290161133,signos_vitales
Form1284- ENF_page_2.pdf,1.4340944290161133,signos_vitales
Form1285- ENF_page_4.pdf,1.4340944290161133,signos_vitales
Form1289- ENF_page_4.pdf,1.4340944290161133,signos_vitales
Form1294- ENF_page_2.pdf,1.4340944290161133,signos_vitales
Form1296- ENF_page_4.pdf,1.4340944290161133,signos_vitales
Form1297- ENF_page_2.pdf,1.4464540481567383,signos_vitales
Form1299- ENF_page_5.pdf,1.4340944290161133,signos_vitales
Form1303- ENF_page_5.pdf,1.4464540481567383,signos_vitales
Form1308- ENF_page_4.pdf,1.4340944290161133,signos_vitales
Form1312- ENF_page_4.pdf,1.4464540481567383,signos_vitales
Form1314- ENF_page_2.pdf,1.4464540481567383,signos_vitales
Form1318- ENF_page_5.pdf,1.4464540481567383,signos_vitales
Form1320- ENF_page_5.pdf,1.4464540481567383,signos_vitales
Form1323- ENF_page_4.pdf,1.4464540481567383,signos_vitales
Form1324- ENF_page_4.pdf,1.4464540481567383,signos_vitales
Form1325- ENF_page_2.pdf,1.4464540481567383,signos_vitales
Form1326- ENF_page_5.pdf,1.4464540481567383,signos_vitales
Form1328- ENF_page_2.pdf,1.4340944290161133,signos_vitales
Form1333- ENF_page_2.pdf,1.4464540481567383,signos_vitales
Form1334- ENF_page_2.pdf,1.4464540481567383,signos_vitales
Form1339- ENF_page_2.pdf,1.4464540481567383,signos_vitales
Form1340- ENF_page_4.pdf,1.4464540481567383,signos_vitales
Form1342- ENF_page_4.pdf,1.4464540481567383,signos_vitales
Form1344- ENF_page_2.pdf,1.4464540481567383,signos_vitales
Form1350- ENF_page_5.pdf,1.4464540481567383,signos_vitales
Form1356- ENF_page_4.pdf,1.4464540481567383,signos_vitales
Form1358- ENF_page_4.pdf,1.4464540481567383,signos_vitales
Form1359- ENF_page_4.pdf,1.4464540481567383,signos_vitales
Form1360- ENF_page_4.pdf,1.4464540481567383,signos_vitales
Form1361- ENF_page_4.pdf,1.4464540481567383,signos_vitales
Form1364- ENF_page_2.pdf,1.4464540481567383,signos_vitales
Form1365- ENF_page_2.pdf,1.4464540481567383,signos_vitales
Form1366- ENF_page_2.pdf,1.4464540481567383,signos_vitales
Form1367- ENF_page_2.pdf,1.4340944290161133,signos_vitales
Form1368- ENF_page_2.pdf,1.4464540481567383,signos_vitales
Form1369- ENF_page_2.pdf,1.4464540481567383,signos_vitales
Form1370- ENF_page_4.pdf,1.4464540481567383,signos_vitales
Form1371- ENF_page_4.pdf,1.4464540481567383,signos_vitales
Form1378- ENF_page_5.pdf,1.4464540481567383,signos_vitales
Form1379- ENF_page_5.pdf,1.4464540481567383,signos_vitales
Form1381- ENF_page_2.pdf,1.4464540481567383,signos_vitales
Form1382- ENF_page_2.pdf,1.4340944290161133,signos_vitales
Form1384- ENF_page_4.pdf,1.4464540481567383,signos_vitales
Form1385- ENF_page_4.pdf,1.4464540481567383,signos_vitales
Form1386- ENF_page_4.pdf,1.4340944290161133,signos_vitales
Form1387- ENF_page_2.pdf,1.4340944290161133,signos_vitales
Form1388- ENF_page_2.pdf,1.4464540481567383,signos_vitales
Form1389- ENF_page_2.pdf,1.4464540481567383,signos_vitales
Form1390- ENF_page_2.pdf,1.4464540481567383,signos_vitales
Form1391- ENF_page_2.pdf,1.4464540481567383,signos_vitales
Form1392- ENF_page_4.pdf,1.4464540481567383,signos_vitales
Form1393- ENF_page_4.pdf,1.4464540481567383,signos_vitales
Form1394- ENF_page_2.pdf,1.4464540481567383,signos_vitales
Form1395- ENF_page_2.pdf,1.4464540481567383,signos_vitales
Form1396- ENF_page_2.pdf,1.4340944290161133,signos_vitales
Form1397- ENF_page_4.pdf,1.4464540481567383,signos_vitales
Form1400- ENF_page_4.pdf,1.4340944290161133,signos_vitales
Form1401- ENF_page_4.pdf,1.4464540481567383,signos_vitales
Form1403- ENF_page_5.pdf,1.4464540481567383,signos_vitales
Form1404- ENF_page_5.pdf,1.4464540481567383,signos_vitales
Form1405- ENF_page_5.pdf,1.4340944290161133,signos_vitales
Form1406- ENF_page_5.pdf,1.4340944290161133,signos_vitales
Form1407- ENF_page_5.pdf,1.4464540481567383,signos_vitales
Form1408- ENF_page_5.pdf,1.4464540481567383,signos_vitales
Form1409- ENF_page_2.pdf,1.4340944290161133,signos_vitales
Form1410- ENF_page_2.pdf,1.4340944290161133,signos_vitales
Form1411- ENF_page_2.pdf,1.4464540481567383,signos_vitales
Form1412- ENF_page_2.pdf,1.4464540481567383,signos_vitales
Form1413- ENF_page_2.pdf,1.4464540481567383,signos_vitales
Form1414- ENF_page_2.pdf,1.4464540481567383,signos_vitales
Form1422- ENF_page_2.pdf,1.4340944290161133,signos_vitales
Form1423- ENF_page_2.pdf,1.4464540481567383,signos_vitales
Form1425- ENF_page_2.pdf,1.4464540481567383,signos_vitales
Form1426- ENF_page_5.pdf,1.4464540481567383,signos_vitales
Form1427- ENF_page_5.pdf,1.4464540481567383,signos_vitales
Form1428- ENF_page_2.pdf,1.4464540481567383,signos_vitales
Form1429- ENF_page_2.pdf,1.4464540481567383,signos_vitales
Form1433- ENF_page_2.pdf,1.4464540481567383,signos_vitales
Form1434- ENF_page_5.pdf,1.4464540481567383,signos_vitales
Form1435- ENF_page_5.pdf,1.4464540481567383,signos_vitales
Form1436- ENF_page_5.pdf,1.4464540481567383,signos_vitales
Form1437- ENF_page_4.pdf,1.4340944290161133,signos_vitales
Form1438- ENF_page_4.pdf,1.4464540481567383,signos_vitales
Form1439- ENF_page_5.pdf,1.4464540481567383,signos_vitales
Form1440- ENF_page_4.pdf,1.4464540481567383,signos_vitales
Form1441- ENF_page_5.pdf,1.4464540481567383,signos_vitales
Form1442- ENF_page_5.pdf,1.4464540481567383,signos_vitales
Form1443- ENF_page_2.pdf,1.4464540481567383,signos_vitales
Form1445- ENF_page_2.pdf,1.4340944290161133,signos_vitales
Form1446- ENF_page_2.pdf,1.4464540481567383,signos_vitales
Form1448- ENF_page_4.pdf,1.4464540481567383,signos_vitales
Form1458- ENF_page_2.pdf,1.4464540481567383,signos_vitales
Form1465- ENF_page_5.pdf,1.4464540481567383,signos_vitales
Form1466- ENF_page_4.pdf,1.4464502334594727,signos_vitales
Form1467- ENF_page_4.pdf,1.4464540481567383,signos_vitales
Form1468- ENF_page_4.pdf,1.4464540481567383,signos_vitales
Form1469- ENF_page_4.pdf,1.4464540481567383,signos_vitales
Form1470- ENF_page_4.pdf,1.4464540481567383,signos_vitales
Form1472- ENF_page_4.pdf,1.4464540481567383,signos_vitales
Form1476- ENF_page_2.pdf,5.666680335998535,signos_vitales
Form1477- ENF_page_5.pdf,1.4464540481567383,signos_vitales
Form1478- ENF_page_2.pdf,1.4464540481567383,signos_vitales
Form1481- ENF_page_4.pdf,1.4464540481567383,signos_vitales
Form1485- ENF_page_2.pdf,1.4464540481567383,signos_vitales
Form1486- ENF_page_2.pdf,1.4464540481567383,signos_vitales
Form1490- ENF_page_2.pdf,1.4464540481567383,signos_vitales
Form1491- ENF_page_2.pdf,1.4464540481567383,signos_vitales
Form1492- ENF_page_2.pdf,1.4464540481567383,signos_vitales
Form1493- ENF_page_2.pdf,1.4464540481567383,signos_vitales
Form1500- ENF_page_4.pdf,1.4464540481567383,signos_vitales
Form1501- ENF_page_5.pdf,1.4464540481567383,signos_vitales
Form1502- ENF_page_5.pdf,1.4464540481567383,signos_vitales
Form1503- ENF_page_2.pdf,1.4464540481567383,signos_vitales
Form1506- ENF_page_2.pdf,1.4464540481567383,signos_vitales
Form1510- ENF_page_2.pdf,1.4464540481567383,signos_vitales
Form1512- ENF_page_2.pdf,1.4464540481567383,signos_vitales
Form1513- ENF_page_2.pdf,1.4464540481567383,signos_vitales
Form1514- ENF_page_2.pdf,1.4464540481567383,signos_vitales
Form1517- ENF_page_2.pdf,1.4464540481567383,signos_vitales
Form1519- ENF_page_4.pdf,1.4464540481567383,signos_vitales
Form1520- ENF_page_2.pdf,1.4464540481567383,signos_vitales
Form1526- ENF_page_2.pdf,1.4464540481567383,signos_vitales
Form1529- ENF_page_4.pdf,1.4464540481567383,signos_vitales
Form1531- ENF_page_4.pdf,1.4340944290161133,signos_vitales
Form1532- ENF_page_2.pdf,1.4464540481567383,signos_vitales
Form1533- ENF_page_2.pdf,1.4464540481567383,signos_vitales
Form1534- ENF_page_2.pdf,1.4464540481567383,signos_vitales
Form1535- ENF_page_2.pdf,1.4464540481567383,signos_vitales
Form1538- ENF_page_2.pdf,1.4340944290161133,signos_vitales
Form1540- ENF_page_5.pdf,1.4464540481567383,signos_vitales
Form1541- ENF_page_5.pdf,1.4464540481567383,signos_vitales
Form1542- ENF_page_2.pdf,1.4464540481567383,signos_vitales
Form1543- ENF_page_2.pdf,1.4464540481567383,signos_vitales
Form1544- ENF_page_2.pdf,1.4464540481567383,signos_vitales
Form1545- ENF_page_2.pdf,1.4464540481567383,signos_vitales
Form1548- ENF_page_4.pdf,1.4340944290161133,signos_vitales
Form1549- ENF_page_5.pdf,1.4464540481567383,signos_vitales
Form1550- ENF_page_4.pdf,1.4464540481567383,signos_vitales
Form1551- ENF_page_5.pdf,1.4340944290161133,signos_vitales
Form1552- ENF_page_4.pdf,1.4340944290161133,signos_vitales
Form1553- ENF_page_4.pdf,1.4464540481567383,signos_vitales
Form1554- ENF_page_4.pdf,1.4464540481567383,signos_vitales
Form1555- ENF_page_5.pdf,1.4464540481567383,signos_vitales
Form1556- ENF_page_4.pdf,1.4464540481567383,signos_vitales
Form1558- ENF_page_5.pdf,1.4464540481567383,signos_vitales
Form1559- ENF_page_5.pdf,1.4464540481567383,signos_vitales
Form1561- ENF_page_5.pdf,1.4464540481567383,signos_vitales
Form1562- ENF_page_4.pdf,1.4464540481567383,signos_vitales
Form1563- ENF_page_5.pdf,1.4340934753417969,signos_vitales
Form1564- ENF_page_5.pdf,1.4464540481567383,signos_vitales
Form1565- ENF_page_5.pdf,1.4340944290161133,signos_vitales
Form1567- ENF_page_5.pdf,1.4340944290161133,signos_vitales
Form1568- ENF_page_2.pdf,1.4464540481567383,signos_vitales
Form1568- ENF_page_3.pdf,1.4464521408081055,signos_vitales
Form1570- ENF_page_2.pdf,1.4340944290161133,signos_vitales
Form1571- ENF_page_2.pdf,1.4464540481567383,signos_vitales
Form1574- ENF_page_2.pdf,1.4464540481567383,signos_vitales
Form1577- ENF_page_5.pdf,1.4464540481567383,signos_vitales
Form1579- ENF_page_4.pdf,1.4464540481567383,signos_vitales
Form1581- ENF_page_2.pdf,1.4464540481567383,signos_vitales
Form1582- ENF_page_2.pdf,1.4464540481567383,signos_vitales
Form1583- ENF_page_2.pdf,1.4464540481567383,signos_vitales
Form1584- ENF_page_2.pdf,1.4464540481567383,signos_vitales
Form1585- ENF_page_2.pdf,1.4464540481567383,signos_vitales
Form1591- ENF_page_3.pdf,1.4340944290161133,signos_vitales
Form1592- ENF_page_4.pdf,1.4464540481567383,signos_vitales
Form1595- ENF_page_2.pdf,1.4464540481567383,signos_vitales
Form1596- ENF_page_2.pdf,1.4464540481567383,signos_vitales
Form1598- ENF_page_2.pdf,1.4340944290161133,signos_vitales
Form1599- ENF_page_2.pdf,1.4464540481567383,signos_vitales
Form1601- ENF_page_5.pdf,1.4464540481567383,signos_vitales
Form1602- ENF_page_2.pdf,1.4340944290161133,signos_vitales
Form1609- ENF_page_5.pdf,1.4464540481567383,signos_vitales
Form1611- ENF_page_4.pdf,1.4464540481567383,signos_vitales
Form1620- ENF_page_2.pdf,1.4464540481567383,signos_vitales
Form1621- ENF_page_2.pdf,1.4464540481567383,signos_vitales
Form1622- ENF_page_2.pdf,1.4464540481567383,signos_vitales
Form1623- ENF_page_2.pdf,1.4464540481567383,signos_vitales
Form1627- ENF_page_5.pdf,1.4340944290161133,signos_vitales
Form1636- ENF_page_2.pdf,1.4340944290161133,signos_vitales
Form1640- ENF_page_2.pdf,1.4340944290161133,signos_vitales
Form1641- ENF_page_2.pdf,1.4464540481567383,signos_vitales
Form1642- ENF_page_2.pdf,1.4464540481567383,signos_vitales
Form1643- ENF_page_2.pdf,1.4464540481567383,signos_vitales
Form1644- ENF_page_2.pdf,1.4464540481567383,signos_vitales
Form1649- ENF_page_2.pdf,1.4464540481567383,signos_vitales
Form1650- ENF_page_2.pdf,1.4464540481567383,signos_vitales
Form1651- ENF_page_2.pdf,1.4464540481567383,signos_vitales
Form1652- ENF_page_2.pdf,1.4340944290161133,signos_vitales
Form1654- ENF_page_4.pdf,1.4464540481567383,signos_vitales
Form1656- ENF_page_2.pdf,1.4464540481567383,signos_vitales
Form1659- ENF_page_5.pdf,1.4464540481567383,signos_vitales
Form1661- ENF_page_2.pdf,1.4464540481567383,signos_vitales
Form1662- ENF_page_3.pdf,1.4464540481567383,signos_vitales
Form1663- ENF_page_2.pdf,1.4464540481567383,signos_vitales
Form1665- ENF_page_2.pdf,1.4464540481567383,signos_vitales
Form167- ENF_page_2.pdf,1.4464540481567383,signos_vitales
Form1676- ENF_page_2.pdf,1.4340944290161133,signos_vitales
Form1677- ENF_page_2.pdf,1.4464540481567383,signos_vitales
Form1680- ENF_page_4.pdf,1.4340944290161133,signos_vitales
Form1681- ENF_page_4.pdf,1.4340944290161133,signos_vitales
Form1682- ENF_page_4.pdf,1.4340944290161133,signos_vitales
Form1683- ENF_page_2.pdf,1.4340944290161133,signos_vitales
Form1686- ENF_page_2.pdf,6.530154228210449,signos_vitales
Form1687- ENF_page_4.pdf,1.4340944290161133,signos_vitales
Form1690- ENF_page_4.pdf,1.4464540481567383,signos_vitales
Form1693- ENF_page_2.pdf,1.4340944290161133,signos_vitales
Form1694- ENF_page_4.pdf,1.4464540481567383,signos_vitales
Form1705- ENF_page_4.pdf,1.4464540481567383,signos_vitales
Form1706- ENF_page_4.pdf,1.4464540481567383,signos_vitales
Form1709- ENF_page_4.pdf,1.4464540481567383,signos_vitales
Form1716- ENF_page_5.pdf,1.4464540481567383,signos_vitales
Form1718- ENF_page_4.pdf,1.4464540481567383,signos_vitales
Form1719- ENF_page_4.pdf,1.4464540481567383,signos_vitales
Form1720- ENF_page_4.pdf,1.4464540481567383,signos_vitales
Form1723- ENF_page_2.pdf,1.4464540481567383,signos_vitales
Form1725- ENF_page_5.pdf,1.4464540481567383,signos_vitales
Form1726- ENF_page_4.pdf,1.4464540481567383,signos_vitales
Form1727- ENF_page_5.pdf,1.4340944290161133,signos_vitales
Form1731- ENF_page_5.pdf,1.4464540481567383,signos_vitales
Form1734- ENF_page_5.pdf,1.4464540481567383,signos_vitales
Form1735- ENF_page_5.pdf,1.4464540481567383,signos_vitales
Form1736- ENF_page_5.pdf,1.4464540481567383,signos_vitales
Form1737- ENF_page_5.pdf,1.4464540481567383,signos_vitales
Form1738- ENF_page_3.pdf,1.4464540481567383,signos_vitales
Form1739- ENF_page_5.pdf,1.4464540481567383,signos_vitales
Form1741- ENF_page_2.pdf,1.4464540481567383,signos_vitales
Form1742- ENF_page_2.pdf,1.4464540481567383,signos_vitales
Form1743- ENF_page_2.pdf,1.4464540481567383,signos_vitales
Form1744- ENF_page_2.pdf,1.4464540481567383,signos_vitales
Form1745- ENF_page_2.pdf,1.4340944290161133,signos_vitales
Form1746- ENF_page_2.pdf,1.4464540481567383,signos_vitales
Form1747- ENF_page_5.pdf,1.4464540481567383,signos_vitales
Form1748- ENF_page_4.pdf,1.4464540481567383,signos_vitales
Form1749- ENF_page_4.pdf,1.4464540481567383,signos_vitales
Form1750- ENF_page_4.pdf,1.4464540481567383,signos_vitales
Form1751- ENF_page_4.pdf,1.4340944290161133,signos_vitales
Form1753- ENF_page_5.pdf,1.4340944290161133,signos_vitales
Form1754- ENF_page_5.pdf,1.4340944290161133,signos_vitales
Form1755- ENF_page_5.pdf,1.4464540481567383,signos_vitales
Form1756- ENF_page_5.pdf,1.4464540481567383,signos_vitales
Form1757- ENF_page_5.pdf,1.4464540481567383,signos_vitales
Form1758- ENF_page_5.pdf,1.4464540481567383,signos_vitales
Form1759- ENF_page_2.pdf,1.4464540481567383,signos_vitales
Form1760- ENF_page_4.pdf,1.4464540481567383,signos_vitales
Form1763- ENF_page_4.pdf,1.4464540481567383,signos_vitales
Form1764- ENF_page_5.pdf,1.4464540481567383,signos_vitales
Form1765- ENF_page_2.pdf,1.4464540481567383,signos_vitales
Form1766- ENF_page_2.pdf,1.4464540481567383,signos_vitales
Form1770- ENF_page_4.pdf,1.4340944290161133,signos_vitales
Form1771- ENF_page_4.pdf,1.4340944290161133,signos_vitales
Form1772- ENF_page_5.pdf,1.4340944290161133,signos_vitales
Form1774- ENF_page_2.pdf,1.4340944290161133,signos_vitales
Form1779- ENF_page_5.pdf,1.4464540481567383,signos_vitales
Form1782- ENF_page_2.pdf,1.4464540481567383,signos_vitales
Form1784- ENF_page_4.pdf,1.4464540481567383,signos_vitales
Form1785- ENF_page_4.pdf,1.4464540481567383,signos_vitales
Form1786- ENF_page_4.pdf,1.4464540481567383,signos_vitales
Form1787- ENF_page_4.pdf,1.4340944290161133,signos_vitales
Form1788- ENF_page_5.pdf,1.4340944290161133,signos_vitales
Form1789- ENF_page_4.pdf,1.4340944290161133,signos_vitales
Form1790- ENF_page_5.pdf,1.4464540481567383,signos_vitales
Form1791- ENF_page_5.pdf,1.4464540481567383,signos_vitales
Form1792- ENF_page_4.pdf,1.4464540481567383,signos_vitales
Form1793- ENF_page_5.pdf,1.4464540481567383,signos_vitales
Form1794- ENF_page_4.pdf,1.4464540481567383,signos_vitales
Form1795- ENF_page_4.pdf,1.4464540481567383,signos_vitales
Form1796- ENF_page_5.pdf,1.4464540481567383,signos_vitales
Form1797- ENF_page_5.pdf,1.4464540481567383,signos_vitales
Form1798- ENF_page_5.pdf,1.4464540481567383,signos_vitales
Form1800- ENF_page_4.pdf,1.4464540481567383,signos_vitales
Form1803- ENF_page_2.pdf,1.4464540481567383,signos_vitales
Form1804- ENF_page_2.pdf,1.4464540481567383,signos_vitales
Form1805- ENF_page_2.pdf,1.4340944290161133,signos_vitales
Form1806- ENF_page_5.pdf,1.4464540481567383,signos_vitales
Form1819- ENF_page_5.pdf,1.4464540481567383,signos_vitales
Form1820- ENF_page_5.pdf,1.4340944290161133,signos_vitales
Form1823- ENF_page_3.pdf,1.4464540481567383,signos_vitales
Form1831- ENF_page_10.pdf,1.1131162643432617,signos_vitales
Form1831- ENF_page_5.pdf,1.1131162643432617,signos_vitales
Form1832- ENF_page_3.pdf,1.4340944290161133,signos_vitales
Form1832- ENF_page_4.pdf,1.4340944290161133,signos_vitales
Form1833- ENF_page_3.pdf,6.546204566955566,signos_vitales
Form1833- ENF_page_4.pdf,6.546204566955566,signos_vitales
Form1834- ENF_page_3.pdf,6.530154228210449,signos_vitales
Form1834- ENF_page_4.pdf,6.530154228210449,signos_vitales
Form1846- ENF_page_2.pdf,1.4340944290161133,signos_vitales
Form1848- ENF_page_2.pdf,1.4340944290161133,signos_vitales
Form1856- ENF_page_2.pdf,1.4340944290161133,signos_vitales
Form1860- ENF_page_2.pdf,1.4464540481567383,signos_vitales
Form1864- ENF_page_3.pdf,1.4464540481567383,signos_vitales
Form1864- ENF_page_6.pdf,1.4464540481567383,signos_vitales
Form1868- ENF_page_5.pdf,1.4340944290161133,signos_vitales
Form1872- ENF_page_6.pdf,1.4464540481567383,signos_vitales
Form1881- ENF_page_10.pdf,1.0739774703979492,signos_vitales
Form1881- ENF_page_5.pdf,1.1131162643432617,signos_vitales
Form1889- ENF_page_3.pdf,1.2470121383666992,signos_vitales
Form1889- ENF_page_8.pdf,1.226618766784668,signos_vitales
Form1892- ENF_page_10.pdf,1.1131162643432617,signos_vitales
Form1892- ENF_page_5.pdf,1.0677976608276367,signos_vitales
Form1894- ENF_page_8.pdf,1.4340944290161133,signos_vitales
Form1895- ENF_page_2.pdf,1.4464540481567383,signos_vitales
Form1895- ENF_page_7.pdf,1.4464540481567383,signos_vitales
Form1898- ENF_page_2.pdf,1.3546552658081055,signos_vitales
Form1899- ENF_page_2.pdf,1.4340944290161133,signos_vitales
Form1899- ENF_page_8.pdf,1.4340944290161133,signos_vitales
Form1903- ENF_page_6.pdf,1.4464540481567383,signos_vitales
Form1905- ENF_page_3.pdf,1.4464540481567383,signos_vitales
Form1905- ENF_page_6.pdf,1.4464540481567383,signos_vitales
Form1906- ENF_page_4.pdf,1.4464540481567383,signos_vitales
Form1907- ENF_page_3.pdf,1.4464540481567383,signos_vitales
Form1907- ENF_page_6.pdf,1.4464540481567383,signos_vitales
Form1909- ENF_page_3.pdf,1.4464540481567383,signos_vitales
Form1909- ENF_page_6.pdf,1.4464540481567383,signos_vitales
Form1912- ENF_page_8.pdf,1.4464540481567383,signos_vitales
Form1912- ENF_page_9.pdf,1.4464540481567383,signos_vitales
Form1916- ENF_page_7.pdf,1.4464540481567383,signos_vitales
Form1919- ENF_page_7.pdf,1.4340944290161133,signos_vitales
Form1927- ENF_page_11.pdf,3.191732406616211,signos_vitales
Form1927- ENF_page_20.pdf,1.4464540481567383,signos_vitales
Form1927- ENF_page_25.pdf,1.4464540481567383,signos_vitales
Form1927- ENF_page_5.pdf,1.4340944290161133,signos_vitales
Form1928- ENF_page_11.pdf,3.191732406616211,signos_vitales
Form1928- ENF_page_20.pdf,1.4464540481567383,signos_vitales
Form1928- ENF_page_25.pdf,1.4464540481567383,signos_vitales
Form1928- ENF_page_5.pdf,1.4340944290161133,signos_vitales
Form1929- ENF_page_8.pdf,1.4464540481567383,signos_vitales
Form1929- ENF_page_9.pdf,1.4464540481567383,signos_vitales
Form1935- ENF_page_6.pdf,1.4464540481567383,signos_vitales
Form1937- ENF_page_8.pdf,1.4340944290161133,signos_vitales
Form1940- ENF_page_6.pdf,8.086007118225098,signos_vitales
Form1941- ENF_page_6.pdf,1.4340944290161133,signos_vitales
Form1946- ENF_page_2.pdf,6.622696876525879,signos_vitales
Form1946- ENF_page_7.pdf,6.499306678771973,signos_vitales
Form1947- ENF_page_3.pdf,1.3036603927612305,signos_vitales
Form1947- ENF_page_8.pdf,1.2198200225830078,signos_vitales
Form1952- ENF_page_12.pdf,1.4464540481567383,signos_vitales
Form1952- ENF_page_9.pdf,1.4464540481567383,signos_vitales
Form1955- ENF_page_6.pdf,1.4464540481567383,signos_vitales
Form1956- ENF_page_4.pdf,1.4464540481567383,signos_vitales
Form1957- ENF_page_3.pdf,1.4464540481567383,signos_vitales
Form1957- ENF_page_4.pdf,1.4464540481567383,signos_vitales
Form1963- ENF_page_8.pdf,1.4464540481567383,signos_vitales
Form1963- ENF_page_9.pdf,1.4464540481567383,signos_vitales
Form1964- ENF_page_5.pdf,6.319362640380859,signos_vitales
Form1967- ENF_page_6.pdf,1.4464540481567383,signos_vitales
Form1969- ENF_page_8.pdf,1.4464540481567383,signos_vitales
Form1970- ENF_page_2.pdf,1.4340944290161133,signos_vitales
Form1971- ENF_page_2.pdf,1.4340944290161133,signos_vitales
Form1977- ENF_page_2.pdf,1.4464540481567383,signos_vitales
Form1979- ENF_page_2.pdf,1.4464540481567383,signos_vitales
Form1984- ENF_page_2.pdf,1.4464540481567383,signos_vitales
Form1986- ENF_page_2.pdf,1.4464540481567383,signos_vitales
Form1988- ENF_page_10.pdf,1.4340944290161133,signos_vitales
Form1990- ENF_page_2.pdf,1.4464540481567383,signos_vitales
Form1993- ENF_page_3.pdf,1.4464540481567383,signos_vitales
Form1993- ENF_page_6.pdf,1.4464540481567383,signos_vitales
Form1996- ENF_page_6.pdf,1.4340944290161133,signos_vitales
Form1997- ENF_page_9.pdf,1.4340944290161133,signos_vitales
Form2003- ENF_page_2.pdf,1.4464540481567383,signos_vitales
Form2003- ENF_page_5.pdf,1.4464540481567383,signos_vitales
Form2004- ENF_page_2.pdf,1.4464540481567383,signos_vitales
Form2005- ENF_page_2.pdf,1.4464540481567383,signos_vitales
Form2010- ENF_page_3.pdf,1.4464540481567383,signos_vitales
Form2010- ENF_page_4.pdf,1.4464540481567383,signos_vitales
Form2010- ENF_page_5.pdf,1.4464540481567383,signos_vitales
Form2016- ENF_page_8.pdf,1.4464540481567383,signos_vitales
Form2026- ENF_page_2.pdf,1.4464540481567383,signos_vitales
Form2028- ENF_page_2.pdf,1.4464540481567383,signos_vitales
Form2029- ENF_page_3.pdf,1.4464540481567383,signos_vitales
Form2029- ENF_page_4.pdf,1.4464540481567383,signos_vitales
Form2032- ENF_page_6.pdf,1.4340944290161133,signos_vitales
Form2034- ENF_page_6.pdf,1.4340944290161133,signos_vitales
Form2035- ENF_page_6.pdf,1.4340944290161133,signos_vitales
Form2040- ENF_page_6.pdf,1.4340944290161133,signos_vitales
Form2049- ENF_page_2.pdf,1.4464540481567383,signos_vitales
Form2052- ENF_page_2.pdf,1.4464540481567383,signos_vitales
Form2058- ENF_page_3.pdf,1.4464540481567383,signos_vitales
Form2058- ENF_page_4.pdf,1.4464540481567383,signos_vitales
Form2059- ENF_page_2.pdf,1.4464540481567383,signos_vitales
Form2074- ENF_page_2.pdf,1.4464540481567383,signos_vitales
Form2078- ENF_page_6.pdf,1.4464540481567383,signos_vitales
Form2080- ENF_page_2.pdf,1.4340944290161133,signos_vitales
Form2081- ENF_page_2.pdf,1.4340944290161133,signos_vitales
Form2084- ENF_page_2.pdf,1.4464540481567383,signos_vitales
Form2085- ENF_page_2.pdf,1.4464540481567383,signos_vitales
Form2086- ENF_page_2.pdf,1.4464540481567383,signos_vitales
Form2087- ENF_page_2.pdf,1.4464540481567383,signos_vitales
Form2088- ENF_page_2.pdf,1.4464540481567383,signos_vitales
Form2090- ENF_page_3.pdf,1.4464540481567383,signos_vitales
Form2090- ENF_page_4.pdf,1.4464540481567383,signos_vitales
Form2107- ENF_page_7.pdf,1.4464540481567383,signos_vitales
Form2108- ENF_page_2.pdf,1.4340944290161133,signos_vitales
Form2109- ENF_page_2.pdf,1.4464540481567383,signos_vitales
Form2110- ENF_page_2.pdf,1.4464540481567383,signos_vitales
Form2114- ENF_page_7.pdf,1.4464540481567383,signos_vitales
Form2116- ENF_page_2.pdf,1.4464540481567383,signos_vitales
Form2117- ENF_page_2.pdf,1.4464540481567383,signos_vitales
Form2120- ENF_page_2.pdf,1.4464540481567383,signos_vitales
Form2121- ENF_page_2.pdf,1.4464540481567383,signos_vitales
Form2126- ENF_page_3.pdf,1.4464540481567383,signos_vitales
Form2128- ENF_page_3.pdf,1.4464540481567383,signos_vitales
Form2128- ENF_page_4.pdf,1.4464540481567383,signos_vitales
Form2129- ENF_page_2.pdf,1.4464540481567383,signos_vitales
Form2130- ENF_page_2.pdf,1.4464540481567383,signos_vitales
Form2131- ENF_page_2.pdf,1.4464540481567383,signos_vitales
Form2132- ENF_page_7.pdf,1.4464540481567383,signos_vitales
Form2134- ENF_page_12.pdf,1.4464540481567383,signos_vitales
Form2137- ENF_page_2.pdf,1.4464540481567383,signos_vitales
Form2142- ENF_page_6.pdf,1.4464540481567383,signos_vitales
Form2145- ENF_page_2.pdf,1.4464540481567383,signos_vitales
Form2146- ENF_page_6.pdf,1.4464540481567383,signos_vitales
Form2147- ENF_page_2.pdf,1.4464540481567383,signos_vitales
Form2150- ENF_page_2.pdf,1.4464540481567383,signos_vitales
Form2150- ENF_page_6.pdf,1.4464540481567383,signos_vitales
Form2151- ENF_page_6.pdf,1.4464540481567383,signos_vitales
Form2161- ENF_page_6.pdf,1.4464540481567383,signos_vitales
Form2171- ENF_page_2.pdf,1.4464540481567383,signos_vitales
Form2172- ENF_page_2.pdf,1.4464540481567383,signos_vitales
Form2174- ENF_page_6.pdf,1.4464540481567383,signos_vitales
Form2176- ENF_page_3.pdf,1.4464540481567383,signos_vitales
Form2177- ENF_page_2.pdf,1.4464540481567383,signos_vitales
Form2179- ENF_page_2.pdf,1.4464540481567383,signos_vitales
Form2187- ENF_page_2.pdf,1.4464540481567383,signos_vitales
Form2201- ENF_page_2.pdf,1.4464540481567383,signos_vitales
Form2204- ENF_page_2.pdf,1.4464540481567383,signos_vitales
Form2206- ENF_page_2.pdf,1.4340944290161133,signos_vitales
Form2207- ENF_page_2.pdf,1.4464540481567383,signos_vitales
Form2209- ENF_page_2.pdf,1.4464540481567383,signos_vitales
Form2210- ENF_page_2.pdf,1.4464540481567383,signos_vitales
Form2216- ENF_page_2.pdf,1.4464540481567383,signos_vitales
Form2219- ENF_page_2.pdf,1.4464540481567383,signos_vitales
Form2222- ENF_page_6.pdf,1.4464540481567383,signos_vitales
Form2223- ENF_page_2.pdf,1.4340944290161133,signos_vitales
Form2224- ENF_page_2.pdf,1.4464540481567383,signos_vitales
Form2225- ENF_page_2.pdf,1.4464540481567383,signos_vitales
Form2226- ENF_page_2.pdf,1.4340944290161133,signos_vitales
Form2227- ENF_page_2.pdf,1.4464540481567383,signos_vitales
Form2228- ENF_page_2.pdf,1.4464540481567383,signos_vitales
Form2229- ENF_page_6.pdf,1.4464540481567383,signos_vitales
Form2230- ENF_page_2.pdf,1.4340944290161133,signos_vitales
Form2240- ENF_page_2.pdf,1.4340944290161133,signos_vitales
Form2241- ENF_page_7.pdf,1.4464540481567383,signos_vitales
Form2242- ENF_page_6.pdf,1.4464540481567383,signos_vitales
Form2249- ENF_page_2.pdf,1.4340944290161133,signos_vitales
Form2250- ENF_page_6.pdf,1.4464540481567383,signos_vitales
Form2261- ENF_page_2.pdf,1.4464540481567383,signos_vitales
Form2262- ENF_page_2.pdf,1.4464540481567383,signos_vitales
Form2263- ENF_page_2.pdf,1.4464540481567383,signos_vitales
Form2264- ENF_page_2.pdf,1.4340944290161133,signos_vitales
Form2265- ENF_page_2.pdf,1.4464540481567383,signos_vitales
Form2266- ENF_page_2.pdf,1.4464540481567383,signos_vitales
Form2267- ENF_page_2.pdf,1.4464540481567383,signos_vitales
Form2268- ENF_page_2.pdf,1.4340944290161133,signos_vitales
Form2271- ENF_page_2.pdf,1.4340944290161133,signos_vitales
Form2272- ENF_page_2.pdf,1.4464540481567383,signos_vitales
Form2273- ENF_page_2.pdf,1.4464540481567383,signos_vitales
Form2274- ENF_page_2.pdf,1.4340944290161133,signos_vitales
Form2275- ENF_page_7.pdf,1.4464540481567383,signos_vitales
Form2276- ENF_page_2.pdf,1.4464540481567383,signos_vitales
Form2278- ENF_page_6.pdf,1.4464540481567383,signos_vitales
Form2279- ENF_page_6.pdf,1.4464540481567383,signos_vitales
Form2280- ENF_page_2.pdf,1.4340944290161133,signos_vitales
Form2281- ENF_page_6.pdf,1.4464540481567383,signos_vitales
Form2282- ENF_page_6.pdf,1.4464540481567383,signos_vitales
Form2284- ENF_page_6.pdf,1.4340944290161133,signos_vitales
Form2285- ENF_page_6.pdf,1.4464540481567383,signos_vitales
Form2294- ENF_page_8.pdf,1.4464540481567383,signos_vitales
Form2296- ENF_page_7.pdf,1.4464540481567383,signos_vitales
Form2299- ENF_page_2.pdf,1.4464540481567383,signos_vitales
Form2310- ENF_page_3.pdf,1.4464540481567383,signos_vitales
Form2315- ENF_page_9.pdf,1.4340944290161133,signos_vitales
Form2316- ENF_page_2.pdf,1.4464540481567383,signos_vitales
Form2317- ENF_page_2.pdf,1.4464540481567383,signos_vitales
Form2319- ENF_page_2.pdf,1.4464540481567383,signos_vitales
Form2322- ENF_page_2.pdf,1.4464540481567383,signos_vitales
Form2323- ENF_page_2.pdf,1.4464540481567383,signos_vitales
Form2324- ENF_page_3.pdf,1.4464540481567383,signos_vitales
Form2336- ENF_page_2.pdf,1.4464540481567383,signos_vitales
Form2337- ENF_page_2.pdf,1.4464540481567383,signos_vitales
Form2338- ENF_page_2.pdf,1.4464540481567383,signos_vitales
Form2341- ENF_page_2.pdf,1.4464540481567383,signos_vitales
Form2345- ENF_page_10.pdf,1.4464540481567383,signos_vitales
Form2348- ENF_page_8.pdf,1.4464540481567383,signos_vitales
Form2350- ENF_page_2.pdf,1.4464540481567383,signos_vitales
Form2351- ENF_page_2.pdf,1.4464540481567383,signos_vitales
Form2352- ENF_page_2.pdf,1.4464540481567383,signos_vitales
Form2353- ENF_page_2.pdf,1.4464540481567383,signos_vitales
Form2358- ENF_page_2.pdf,1.4464540481567383,signos_vitales
Form236- ENF_page_2.pdf,1.4464540481567383,signos_vitales
Form2360- ENF_page_2.pdf,1.4464540481567383,signos_vitales
Form2361- ENF_page_2.pdf,1.4464540481567383,signos_vitales
Form2363- ENF_page_2.pdf,1.4464540481567383,signos_vitales
Form2364- ENF_page_2.pdf,1.4464540481567383,signos_vitales
Form2365- ENF_page_2.pdf,1.4464530944824219,signos_vitales
Form2366- ENF_page_2.pdf,1.4464540481567383,signos_vitales
Form2368- ENF_page_2.pdf,1.4464540481567383,signos_vitales
Form2369- ENF_page_2.pdf,1.4464540481567383,signos_vitales
Form2370- ENF_page_6.pdf,1.4464540481567383,signos_vitales
Form2371- ENF_page_6.pdf,1.4464540481567383,signos_vitales
Form2372- ENF_page_4.pdf,1.4464540481567383,signos_vitales
Form2372- ENF_page_9.pdf,1.4464540481567383,signos_vitales
Form2373- ENF_page_6.pdf,1.4340944290161133,signos_vitales
Form2377- ENF_page_3.pdf,1.4464540481567383,signos_vitales
Form2377- ENF_page_6.pdf,1.4464540481567383,signos_vitales
Form2378- ENF_page_2.pdf,1.4464540481567383,signos_vitales
Form2379- ENF_page_2.pdf,1.4464540481567383,signos_vitales
Form2380- ENF_page_2.pdf,1.4340944290161133,signos_vitales
Form2381- ENF_page_2.pdf,1.4464540481567383,signos_vitales
Form2382- ENF_page_6.pdf,1.4464540481567383,signos_vitales
Form2384- ENF_page_4.pdf,1.4464540481567383,signos_vitales
Form2384- ENF_page_7.pdf,1.4464540481567383,signos_vitales
Form2405- ENF_page_7.pdf,1.4464540481567383,signos_vitales
Form2406- ENF_page_7.pdf,1.4464540481567383,signos_vitales
Form2409- ENF_page_2.pdf,1.4464540481567383,signos_vitales
Form2424- ENF_page_2.pdf,1.4464540481567383,signos_vitales
Form2425- ENF_page_2.pdf,1.4340944290161133,signos_vitales
Form2426- ENF_page_6.pdf,1.4464540481567383,signos_vitales
Form2427- ENF_page_2.pdf,1.4464540481567383,signos_vitales
Form2431- ENF_page_2.pdf,1.4464540481567383,signos_vitales
Form2435- ENF_page_10.pdf,1.4464540481567383,signos_vitales
Form2435- ENF_page_8.pdf,1.4464540481567383,signos_vitales
Form2435- ENF_page_9.pdf,1.4464540481567383,signos_vitales
Form2440- ENF_page_6.pdf,1.4464540481567383,signos_vitales
Form313- ENF_page_3.pdf,1.4340944290161133,signos_vitales
Form317- ENF_page_2.pdf,1.4340944290161133,signos_vitales
Form345- ENF_page_3.pdf,1.4464540481567383,signos_vitales
Form348- ENF_page_3.pdf,1.4464540481567383,signos_vitales
Form358- ENF_page_3.pdf,1.3874998092651367,signos_vitales
Form359- ENF_page_3.pdf,1.3874998092651367,signos_vitales
Form361- ENF_page_3.pdf,1.4340944290161133,signos_vitales
Form362- ENF_page_3.pdf,1.4464540481567383,signos_vitales
Form368- ENF_page_3.pdf,1.4464540481567383,signos_vitales
Form369- ENF_page_3.pdf,1.4464540481567383,signos_vitales
Form370- ENF_page_3.pdf,1.4464540481567383,signos_vitales
Form372- ENF_page_3.pdf,1.4340944290161133,signos_vitales
Form374- ENF_page_2.pdf,1.4340944290161133,signos_vitales
Form376- ENF_page_3.pdf,1.4464540481567383,signos_vitales
Form378- ENF_page_3.pdf,1.4464540481567383,signos_vitales
Form379- ENF_page_3.pdf,1.4464540481567383,signos_vitales
Form381- ENF_page_2.pdf,1.4464540481567383,signos_vitales
Form382- ENF_page_3.pdf,1.344447135925293,signos_vitales
Form387- ENF_page_3.pdf,1.4340944290161133,signos_vitales
Form388- ENF_page_3.pdf,1.4340944290161133,signos_vitales
Form389- ENF_page_3.pdf,1.4340944290161133,signos_vitales
Form390- ENF_page_2.pdf,1.4464540481567383,signos_vitales
Form394- ENF_page_2.pdf,1.4464540481567383,signos_vitales
Form396- ENF_page_2.pdf,1.4340944290161133,signos_vitales
Form398- ENF_page_2.pdf,1.4464540481567383,signos_vitales
Form399- ENF_page_3.pdf,1.4464540481567383,signos_vitales
Form403- ENF_page_3.pdf,1.4464540481567383,signos_vitales
Form414- ENF_page_2.pdf,1.4340944290161133,signos_vitales
Form418- ENF_page_3.pdf,1.4464540481567383,signos_vitales
Form420- ENF_page_3.pdf,1.4464540481567383,signos_vitales
Form421- ENF_page_3.pdf,1.4464540481567383,signos_vitales
Form429- ENF_page_2.pdf,1.4464540481567383,signos_vitales
Form430- ENF_page_3.pdf,1.4464540481567383,signos_vitales
Form431- CUI_page_3.pdf,1.4340944290161133,signos_vitales
Form432- CUI_page_3.pdf,1.4340944290161133,signos_vitales
Form432- ENF_page_2.pdf,1.4464540481567383,signos_vitales
Form433- ENF_page_2.pdf,1.4464540481567383,signos_vitales
Form434- ENF_page_2.pdf,1.4464540481567383,signos_vitales
Form436- ENF_page_3.pdf,1.4464540481567383,signos_vitales
Form437- ENF_page_2.pdf,1.4464540481567383,signos_vitales
Form450- ENF_page_2.pdf,1.4464540481567383,signos_vitales
Form451- ENF_page_2.pdf,1.4464540481567383,signos_vitales
Form452- ENF_page_3.pdf,1.4464540481567383,signos_vitales
Form454- ENF_page_3.pdf,1.4464540481567383,signos_vitales
Form456- ENF_page_3.pdf,1.4340944290161133,signos_vitales
Form457- ENF_page_3.pdf,1.4340944290161133,signos_vitales
Form458- ENF_page_3.pdf,1.4340944290161133,signos_vitales
Form459- ENF_page_3.pdf,1.4340944290161133,signos_vitales
Form460- ENF_page_3.pdf,1.4340944290161133,signos_vitales
Form468- ENF_page_3.pdf,1.4464540481567383,signos_vitales
Form470- ENF_page_3.pdf,1.4464540481567383,signos_vitales
Form471- ENF_page_3.pdf,1.4464540481567383,signos_vitales
Form473- ENF_page_3.pdf,1.4365034103393555,signos_vitales
Form474- ENF_page_3.pdf,1.4464540481567383,signos_vitales
Form478- ENF_page_3.pdf,1.4365034103393555,signos_vitales
Form480- ENF_page_3.pdf,1.4464540481567383,signos_vitales
Form483- ENF_page_3.pdf,1.4464540481567383,signos_vitales
Form486- ENF_page_3.pdf,1.4464540481567383,signos_vitales
Form488- ENF_page_3.pdf,6.530154228210449,signos_vitales
Form489- ENF_page_3.pdf,1.4464540481567383,signos_vitales
Form492- ENF_page_3.pdf,1.4464540481567383,signos_vitales
Form493- ENF_page_3.pdf,1.4340944290161133,signos_vitales
Form494- ENF_page_3.pdf,1.4340944290161133,signos_vitales
Form495- ENF_page_3.pdf,1.4340944290161133,signos_vitales
Form499- ENF_page_3.pdf,6.530154228210449,signos_vitales
Form505- ENF_page_3.pdf,1.4464540481567383,signos_vitales
Form507- ENF_page_3.pdf,1.4464540481567383,signos_vitales
Form508- ENF_page_3.pdf,1.4464540481567383,signos_vitales
Form511- ENF_page_3.pdf,1.4464540481567383,signos_vitales
Form516- ENF_page_3.pdf,1.4464540481567383,signos_vitales
Form518- ENF_page_3.pdf,1.4464540481567383,signos_vitales
Form519- ENF_page_3.pdf,1.4464540481567383,signos_vitales
Form520- ENF_page_3.pdf,1.4464540481567383,signos_vitales
Form521- ENF_page_3.pdf,1.4464540481567383,signos_vitales
Form523- ENF_page_3.pdf,1.4464540481567383,signos_vitales
Form525- ENF_page_3.pdf,1.4340944290161133,signos_vitales
Form526- ENF_page_3.pdf,1.4340944290161133,signos_vitales
Form527- ENF_page_3.pdf,1.4464540481567383,signos_vitales
Form529- ENF_page_3.pdf,1.4464540481567383,signos_vitales
Form531- ENF_page_3.pdf,1.4464540481567383,signos_vitales
Form535- ENF_page_3.pdf,1.4464540481567383,signos_vitales
Form538- ENF_page_2.pdf,1.4464540481567383,signos_vitales
Form539- ENF_page_2.pdf,1.4464540481567383,signos_vitales
Form541- ENF_page_3.pdf,1.4464540481567383,signos_vitales
Form542- ENF_page_3.pdf,1.4464540481567383,signos_vitales
Form544- ENF_page_2.pdf,1.4340944290161133,signos_vitales
Form545- ENF_page_3.pdf,1.4340944290161133,signos_vitales
Form546- ENF_page_3.pdf,1.4340944290161133,signos_vitales
Form551- ENF_page_3.pdf,1.4464540481567383,signos_vitales
Form553- ENF_page_3.pdf,1.4464540481567383,signos_vitales
Form559- ENF_page_2.pdf,1.4464540481567383,signos_vitales
Form560- ENF_page_3.pdf,1.4340944290161133,signos_vitales
Form563- ENF_page_2.pdf,1.4340944290161133,signos_vitales
Form568- ENF_page_3.pdf,1.4464540481567383,signos_vitales
Form569- ENF_page_2.pdf,1.4464540481567383,signos_vitales
Form574- ENF_page_2.pdf,1.4464540481567383,signos_vitales
Form575- ENF_page_3.pdf,1.4464540481567383,signos_vitales
Form576- ENF_page_2.pdf,1.4340944290161133,signos_vitales
Form577- ENF_page_3.pdf,1.4464540481567383,signos_vitales
Form580- ENF_page_2.pdf,1.4464540481567383,signos_vitales
Form582- ENF_page_3.pdf,1.4340944290161133,signos_vitales
Form583- ENF_page_3.pdf,1.4340944290161133,signos_vitales
Form584- ENF_page_3.pdf,1.4340944290161133,signos_vitales
Form585- CUI_page_2.pdf,1.4464540481567383,signos_vitales
Form585- ENF_page_3.pdf,1.4340944290161133,signos_vitales
Form586- ENF_page_3.pdf,1.4464540481567383,signos_vitales
Form587- ENF_page_2.pdf,1.4464540481567383,signos_vitales
Form588- ENF_page_3.pdf,1.4340944290161133,signos_vitales
Form589- ENF_page_3.pdf,1.4464540481567383,signos_vitales
Form596- ENF_page_3.pdf,1.4464540481567383,signos_vitales
Form597- ENF_page_2.pdf,1.4464540481567383,signos_vitales
Form600- ENF_page_3.pdf,1.4464540481567383,signos_vitales
Form601- ENF_page_3.pdf,1.4464540481567383,signos_vitales
Form602- ENF_page_3.pdf,1.4340944290161133,signos_vitales
Form607- ENF_page_2.pdf,1.4464540481567383,signos_vitales
Form608- ENF_page_2.pdf,1.4464540481567383,signos_vitales
Form609- ENF_page_2.pdf,1.4464540481567383,signos_vitales
Form610- ENF_page_2.pdf,1.4464540481567383,signos_vitales
Form613- ENF_page_3.pdf,1.4464540481567383,signos_vitales
Form614- ENF_page_2.pdf,1.4340944290161133,signos_vitales
Form615- ENF_page_3.pdf,1.4464540481567383,signos_vitales
Form616- ENF_page_3.pdf,1.4464540481567383,signos_vitales
Form617- ENF_page_3.pdf,1.4340944290161133,signos_vitales
Form618- ENF_page_2.pdf,1.4464540481567383,signos_vitales
Form620- ENF_page_3.pdf,1.4340944290161133,signos_vitales
Form621- ENF_page_3.pdf,1.4464540481567383,signos_vitales
Form622- ENF_page_2.pdf,1.4464540481567383,signos_vitales
Form624- ENF_page_2.pdf,1.4464540481567383,signos_vitales
Form625- ENF_page_2.pdf,1.4464540481567383,signos_vitales
Form626- ENF_page_2.pdf,1.4464540481567383,signos_vitales
Form628- ENF_page_2.pdf,1.4464540481567383,signos_vitales
Form629- ENF_page_3.pdf,1.4464540481567383,signos_vitales
Form630- ENF_page_3.pdf,1.4340944290161133,signos_vitales
Form631- ENF_page_2.pdf,1.4464540481567383,signos_vitales
Form633- ENF_page_2.pdf,1.4340944290161133,signos_vitales
Form638- ENF_page_2.pdf,1.4464540481567383,signos_vitales
Form639- ENF_page_2.pdf,1.4464540481567383,signos_vitales
Form642- ENF_page_2.pdf,1.4464540481567383,signos_vitales
Form649- ENF_page_3.pdf,1.4464540481567383,signos_vitales
Form651- ENF_page_3.pdf,1.4464540481567383,signos_vitales
Form652- ENF_page_3.pdf,1.4464540481567383,signos_vitales
Form653- ENF_page_3.pdf,1.4464540481567383,signos_vitales
Form654- ENF_page_3.pdf,1.4464540481567383,signos_vitales
Form655- ENF_page_3.pdf,1.4464540481567383,signos_vitales
Form656- ENF_page_2.pdf,1.4464540481567383,signos_vitales
Form657- ENF_page_3.pdf,1.4464540481567383,signos_vitales
Form662- ENF_page_2.pdf,1.4464540481567383,signos_vitales
Form663- ENF_page_2.pdf,1.4464540481567383,signos_vitales
Form666- ENF_page_2.pdf,1.4464540481567383,signos_vitales
Form667- ENF_page_3.pdf,1.4464540481567383,signos_vitales
Form672- ENF_page_3.pdf,1.4464540481567383,signos_vitales
Form673- ENF_page_3.pdf,1.4464540481567383,signos_vitales
Form674- ENF_page_2.pdf,1.4464540481567383,signos_vitales
Form678- ENF_page_3.pdf,1.4464540481567383,signos_vitales
Form680- ENF_page_2.pdf,1.4464540481567383,signos_vitales
Form681- ENF_page_2.pdf,1.4464540481567383,signos_vitales
Form683- ENF_page_2.pdf,1.4464540481567383,signos_vitales
Form684- ENF_page_2.pdf,1.4464540481567383,signos_vitales
Form685- ENF_page_3.pdf,1.4464540481567383,signos_vitales
Form686- ENF_page_3.pdf,1.4464540481567383,signos_vitales
Form688- ENF_page_2.pdf,1.4464540481567383,signos_vitales
Form689- ENF_page_2.pdf,1.4464540481567383,signos_vitales
Form690- ENF_page_3.pdf,1.4464540481567383,signos_vitales
Form695- ENF_page_3.pdf,1.4464540481567383,signos_vitales
Form705- ENF_page_3.pdf,1.4464540481567383,signos_vitales
Form710- ENF_page_2.pdf,1.4464502334594727,signos_vitales
Form716- ENF_page_3.pdf,1.4464540481567383,signos_vitales
Form717- CUI_page_8.pdf,1.4464540481567383,signos_vitales
Form717- ENF_page_3.pdf,1.4464540481567383,signos_vitales
Form718- ENF_page_2.pdf,1.4464540481567383,signos_vitales
Form719- ENF_page_2.pdf,1.4464540481567383,signos_vitales
Form721- ENF_page_3.pdf,1.4464540481567383,signos_vitales
Form722- ENF_page_2.pdf,1.4464540481567383,signos_vitales
Form726- ENF_page_2.pdf,1.4340944290161133,signos_vitales
Form727- ENF_page_2.pdf,1.4340944290161133,signos_vitales
Form728- ENF_page_3.pdf,1.4464540481567383,signos_vitales
Form729- ENF_page_3.pdf,1.4340944290161133,signos_vitales
Form730- ENF_page_3.pdf,1.4464540481567383,signos_vitales
Form732- ENF_page_3.pdf,1.4464540481567383,signos_vitales
Form733- ENF_page_2.pdf,1.4464540481567383,signos_vitales
Form737- ENF_page_3.pdf,1.4464540481567383,signos_vitales
Form738- ENF_page_3.pdf,1.4464540481567383,signos_vitales
Form739- ENF_page_3.pdf,1.4464540481567383,signos_vitales
Form742- ENF_page_2.pdf,1.4464540481567383,signos_vitales
Form743- ENF_page_3.pdf,1.4464540481567383,signos_vitales
Form748- ENF_page_3.pdf,1.4464540481567383,signos_vitales
Form749- ENF_page_3.pdf,1.4464540481567383,signos_vitales
Form751- ENF_page_3.pdf,1.4464540481567383,signos_vitales
Form752- ENF_page_2.pdf,1.4340944290161133,signos_vitales
Form753- ENF_page_3.pdf,1.4340944290161133,signos_vitales
Form754- ENF_page_3.pdf,1.4340944290161133,signos_vitales
Form755- ENF_page_3.pdf,1.4464540481567383,signos_vitales
Form756- ENF_page_3.pdf,1.4464540481567383,signos_vitales
Form757- ENF_page_3.pdf,1.4340944290161133,signos_vitales
Form758- ENF_page_2.pdf,1.4464540481567383,signos_vitales
Form759- ENF_page_3.pdf,1.4464540481567383,signos_vitales
Form762- ENF_page_3.pdf,1.4464540481567383,signos_vitales
Form765- ENF_page_2.pdf,1.4340944290161133,signos_vitales
Form766- ENF_page_2.pdf,1.4464540481567383,signos_vitales
Form767- ENF_page_2.pdf,1.4464530944824219,signos_vitales
Form768- ENF_page_2.pdf,1.4464540481567383,signos_vitales
Form777- ENF_page_3.pdf,1.4464540481567383,signos_vitales
Form789- ENF_page_2.pdf,1.4340944290161133,signos_vitales
Form790- ENF_page_3.pdf,1.4464540481567383,signos_vitales
Form792- ENF_page_3.pdf,1.4464540481567383,signos_vitales
Form793- ENF_page_2.pdf,1.4340944290161133,signos_vitales
Form798- ENF_page_2.pdf,1.4464540481567383,signos_vitales
Form800- ENF_page_3.pdf,1.4340944290161133,signos_vitales
Form801- ENF_page_3.pdf,1.4464540481567383,signos_vitales
Form803- ENF_page_3.pdf,1.4340944290161133,signos_vitales
Form804- ENF_page_3.pdf,1.4464540481567383,signos_vitales
Form816- ENF_page_2.pdf,1.4464540481567383,signos_vitales
Form821- ENF_page_3.pdf,1.4464540481567383,signos_vitales
Form828- ENF_page_2.pdf,1.4464540481567383,signos_vitales
Form829- ENF_page_2.pdf,1.4464540481567383,signos_vitales
Form830- ENF_page_3.pdf,1.4464540481567383,signos_vitales
Form833- ENF_page_2.pdf,1.4464540481567383,signos_vitales
Form834- ENF_page_3.pdf,1.4464540481567383,signos_vitales
Form835- ENF_page_3.pdf,1.4464540481567383,signos_vitales
Form837- ENF_page_3.pdf,1.4464540481567383,signos_vitales
Form839- ENF_page_3.pdf,1.4464540481567383,signos_vitales
Form840- ENF_page_2.pdf,1.4464540481567383,signos_vitales
Form841- ENF_page_2.pdf,1.4464540481567383,signos_vitales
Form842- ENF_page_3.pdf,1.4464540481567383,signos_vitales
Form844- ENF_page_3.pdf,1.4464540481567383,signos_vitales
Form845- ENF_page_2.pdf,1.4464540481567383,signos_vitales
Form846- ENF_page_2.pdf,1.4340944290161133,signos_vitales
Form847- ENF_page_2.pdf,1.4340944290161133,signos_vitales
Form849- ENF_page_3.pdf,1.4464540481567383,signos_vitales
Form850- ENF_page_3.pdf,1.4464540481567383,signos_vitales
Form851- ENF_page_3.pdf,1.4464540481567383,signos_vitales
Form852- ENF_page_3.pdf,1.4464540481567383,signos_vitales
Form853- ENF_page_3.pdf,1.4464540481567383,signos_vitales
Form858- ENF_page_3.pdf,1.4340944290161133,signos_vitales
Form860- ENF_page_2.pdf,1.4464540481567383,signos_vitales
Form861- ENF_page_2.pdf,1.4464540481567383,signos_vitales
Form862- ENF_page_2.pdf,1.4464540481567383,signos_vitales
Form865- ENF_page_3.pdf,1.4464540481567383,signos_vitales
Form868- ENF_page_3.pdf,1.4464540481567383,signos_vitales
Form870- ENF_page_2.pdf,1.4464540481567383,signos_vitales
Form871- ENF_page_3.pdf,1.4464540481567383,signos_vitales
Form876- ENF_page_3.pdf,1.4464540481567383,signos_vitales
Form877- ENF_page_2.pdf,1.4464540481567383,signos_vitales
Form881- ENF_page_2.pdf,1.4464540481567383,signos_vitales
Form882- ENF_page_3.pdf,1.4464540481567383,signos_vitales
Form883- ENF_page_3.pdf,1.4464540481567383,signos_vitales
Form889- ENF_page_2.pdf,1.4340944290161133,signos_vitales
Form891- ENF_page_3.pdf,1.4464540481567383,signos_vitales
Form892- ENF_page_2.pdf,1.4340944290161133,signos_vitales
Form894- ENF_page_3.pdf,1.4464540481567383,signos_vitales
Form895- ENF_page_3.pdf,1.4464540481567383,signos_vitales
Form896- ENF_page_3.pdf,1.4464540481567383,signos_vitales
Form897- ENF_page_3.pdf,1.4464540481567383,signos_vitales
Form898- ENF_page_3.pdf,1.4464540481567383,signos_vitales
Form900- ENF_page_3.pdf,1.4464540481567383,signos_vitales
Form901- ENF_page_2.pdf,1.4464540481567383,signos_vitales
Form902- ENF_page_2.pdf,1.4464540481567383,signos_vitales
Form903- ENF_page_2.pdf,1.4464540481567383,signos_vitales
Form905- ENF_page_2.pdf,1.4464540481567383,signos_vitales
Form906- ENF_page_3.pdf,1.4464540481567383,signos_vitales
Form909- ENF_page_3.pdf,1.4464540481567383,signos_vitales
Form910- ENF_page_2.pdf,1.4464540481567383,signos_vitales
Form912- ENF_page_3.pdf,1.4464540481567383,signos_vitales
Form916- ENF_page_3.pdf,1.4464540481567383,signos_vitales
Form918- ENF_page_3.pdf,1.4340944290161133,signos_vitales
Form923- ENF_page_2.pdf,1.4340944290161133,signos_vitales
Form924- ENF_page_2.pdf,1.4340944290161133,signos_vitales
Form926- ENF_page_2.pdf,1.4464540481567383,signos_vitales
Form928- ENF_page_3.pdf,1.4464540481567383,signos_vitales
Form932- ENF_page_3.pdf,1.4464540481567383,signos_vitales
Form933- ENF_page_3.pdf,1.4464540481567383,signos_vitales
Form936- ENF_page_3.pdf,1.4464540481567383,signos_vitales
Form937- ENF_page_3.pdf,1.4340944290161133,signos_vitales
Form938- ENF_page_3.pdf,1.4340944290161133,signos_vitales
Form948- ENF_page_2.pdf,1.4464540481567383,signos_vitales
Form949- ENF_page_2.pdf,1.4340944290161133,signos_vitales
Form951- ENF_page_2.pdf,6.513211250305176,signos_vitales
Form959- ENF_page_2.pdf,1.4464540481567383,signos_vitales
Form960- ENF_page_4.pdf,1.4464540481567383,signos_vitales
Form966- ENF_page_4.pdf,1.4464540481567383,signos_vitales
Form969- ENF_page_2.pdf,6.08553409576416,signos_vitales
Form970- ENF_page_4.pdf,1.4464540481567383,signos_vitales
Form974- ENF_page_2.pdf,1.4340944290161133,signos_vitales
Form975- ENF_page_2.pdf,1.4340944290161133,signos_vitales
Form977- ENF_page_4.pdf,1.4464540481567383,signos_vitales
Form978- ENF_page_2.pdf,1.4340944290161133,signos_vitales
Form983- ENF_page_4.pdf,1.4340944290161133,signos_vitales
Form984- ENF_page_5.pdf,1.3240537643432617,signos_vitales
Form987- ENF_page_2.pdf,6.530154228210449,signos_vitales
Form989- ENF_page_2.pdf,1.3874998092651367,signos_vitales
Form993- ENF_page_2.pdf,1.4340944290161133,signos_vitales
Form996- ENF_page_4.pdf,1.4340944290161133,signos_vitales
Form996- ENF_page_5.pdf,1.4340944290161133,signos_vitales
